match,player_name,line,over_price,under_price,market_name,agency
TB Lightning v DET Red Wings,Alex DeBrincat,0.5,1.033,NA,Player Shots on Goal,Bet365
TB Lightning v DET Red Wings,Alex DeBrincat,1.5,1.2,NA,Player Shots on Goal,Bet365
TB Lightning v DET Red Wings,Alex DeBrincat,2.5,1.62,NA,Player Shots on Goal,Bet365
TB Lightning v DET Red Wings,Alex DeBrincat,2.5,1.62,2.28,Player Shots on Goal,Bet365
TB Lightning v DET Red Wings,Alex DeBrincat,3.5,2.6,NA,Player Shots on Goal,Bet365
TB Lightning v DET Red Wings,Alex DeBrincat,4.5,4.5,NA,Player Shots on Goal,Bet365
TB Lightning v DET Red Wings,Alex DeBrincat,5.5,9,NA,Player Shots on Goal,Bet365
TB Lightning v DET Red Wings,Alex DeBrincat,6.5,15,NA,Player Shots on Goal,Bet365
TB Lightning v DET Red Wings,Alex DeBrincat,7.5,20,NA,Player Shots on Goal,Bet365
TB Lightning v DET Red Wings,Alex DeBrincat,8.5,34,NA,Player Shots on Goal,Bet365
TB Lightning v DET Red Wings,Anthony Cirelli,0.5,1.14,NA,Player Shots on Goal,Bet365
TB Lightning v DET Red Wings,Anthony Cirelli,1.5,1.68,NA,Player Shots on Goal,Bet365
TB Lightning v DET Red Wings,Anthony Cirelli,1.5,1.68,2.15,Player Shots on Goal,Bet365
TB Lightning v DET Red Wings,Anthony Cirelli,2.5,3.15,NA,Player Shots on Goal,Bet365
TB Lightning v DET Red Wings,Anthony Cirelli,3.5,7,NA,Player Shots on Goal,Bet365
TB Lightning v DET Red Wings,Anthony Cirelli,4.5,13,NA,Player Shots on Goal,Bet365
TB Lightning v DET Red Wings,Anthony Cirelli,5.5,20,NA,Player Shots on Goal,Bet365
TB Lightning v DET Red Wings,Anthony Cirelli,6.5,34,NA,Player Shots on Goal,Bet365
TB Lightning v DET Red Wings,Brandon Hagel,0.5,1.076,NA,Player Shots on Goal,Bet365
TB Lightning v DET Red Wings,Brandon Hagel,1.5,1.38,NA,Player Shots on Goal,Bet365
TB Lightning v DET Red Wings,Brandon Hagel,2.5,2.3,NA,Player Shots on Goal,Bet365
TB Lightning v DET Red Wings,Brandon Hagel,2.5,2.3,1.6,Player Shots on Goal,Bet365
TB Lightning v DET Red Wings,Brandon Hagel,3.5,4.3,NA,Player Shots on Goal,Bet365
TB Lightning v DET Red Wings,Brandon Hagel,4.5,8.5,NA,Player Shots on Goal,Bet365
TB Lightning v DET Red Wings,Brandon Hagel,5.5,16,NA,Player Shots on Goal,Bet365
TB Lightning v DET Red Wings,Brandon Hagel,6.5,21,NA,Player Shots on Goal,Bet365
TB Lightning v DET Red Wings,Brandon Hagel,7.5,34,NA,Player Shots on Goal,Bet365
TB Lightning v DET Red Wings,Brandon Hagel,9.5,34,NA,Player Shots on Goal,Bet365
TB Lightning v DET Red Wings,Brayden Point,0.5,1.066,NA,Player Shots on Goal,Bet365
TB Lightning v DET Red Wings,Brayden Point,1.5,1.36,NA,Player Shots on Goal,Bet365
TB Lightning v DET Red Wings,Brayden Point,2.5,2.2,NA,Player Shots on Goal,Bet365
TB Lightning v DET Red Wings,Brayden Point,2.5,2.2,1.66,Player Shots on Goal,Bet365
TB Lightning v DET Red Wings,Brayden Point,3.5,3.9,NA,Player Shots on Goal,Bet365
TB Lightning v DET Red Wings,Brayden Point,4.5,7.5,NA,Player Shots on Goal,Bet365
TB Lightning v DET Red Wings,Brayden Point,5.5,15,NA,Player Shots on Goal,Bet365
TB Lightning v DET Red Wings,Brayden Point,6.5,20,NA,Player Shots on Goal,Bet365
TB Lightning v DET Red Wings,Brayden Point,7.5,34,NA,Player Shots on Goal,Bet365
TB Lightning v DET Red Wings,Brayden Point,9.5,34,NA,Player Shots on Goal,Bet365
TB Lightning v DET Red Wings,Dylan Larkin,0.5,1.045,NA,Player Shots on Goal,Bet365
TB Lightning v DET Red Wings,Dylan Larkin,1.5,1.27,NA,Player Shots on Goal,Bet365
TB Lightning v DET Red Wings,Dylan Larkin,2.5,1.86,NA,Player Shots on Goal,Bet365
TB Lightning v DET Red Wings,Dylan Larkin,2.5,1.86,1.86,Player Shots on Goal,Bet365
TB Lightning v DET Red Wings,Dylan Larkin,3.5,3.2,NA,Player Shots on Goal,Bet365
TB Lightning v DET Red Wings,Dylan Larkin,4.5,6.25,NA,Player Shots on Goal,Bet365
TB Lightning v DET Red Wings,Dylan Larkin,5.5,12,NA,Player Shots on Goal,Bet365
TB Lightning v DET Red Wings,Dylan Larkin,6.5,17.5,NA,Player Shots on Goal,Bet365
TB Lightning v DET Red Wings,Dylan Larkin,7.5,26,NA,Player Shots on Goal,Bet365
TB Lightning v DET Red Wings,Dylan Larkin,8.5,34,NA,Player Shots on Goal,Bet365
TB Lightning v DET Red Wings,Jake Guentzel,0.5,1.04,NA,Player Shots on Goal,Bet365
TB Lightning v DET Red Wings,Jake Guentzel,1.5,1.23,NA,Player Shots on Goal,Bet365
TB Lightning v DET Red Wings,Jake Guentzel,2.5,1.76,NA,Player Shots on Goal,Bet365
TB Lightning v DET Red Wings,Jake Guentzel,2.5,1.76,2,Player Shots on Goal,Bet365
TB Lightning v DET Red Wings,Jake Guentzel,3.5,3,NA,Player Shots on Goal,Bet365
TB Lightning v DET Red Wings,Jake Guentzel,4.5,5.5,NA,Player Shots on Goal,Bet365
TB Lightning v DET Red Wings,Jake Guentzel,5.5,10,NA,Player Shots on Goal,Bet365
TB Lightning v DET Red Wings,Jake Guentzel,6.5,17.5,NA,Player Shots on Goal,Bet365
TB Lightning v DET Red Wings,Jake Guentzel,7.5,26,NA,Player Shots on Goal,Bet365
TB Lightning v DET Red Wings,Jake Guentzel,8.5,34,NA,Player Shots on Goal,Bet365
TB Lightning v DET Red Wings,Lucas Raymond,0.5,1.083,NA,Player Shots on Goal,Bet365
TB Lightning v DET Red Wings,Lucas Raymond,1.5,1.43,NA,Player Shots on Goal,Bet365
TB Lightning v DET Red Wings,Lucas Raymond,2.5,2.4,NA,Player Shots on Goal,Bet365
TB Lightning v DET Red Wings,Lucas Raymond,2.5,2.4,1.55,Player Shots on Goal,Bet365
TB Lightning v DET Red Wings,Lucas Raymond,3.5,4.5,NA,Player Shots on Goal,Bet365
TB Lightning v DET Red Wings,Lucas Raymond,4.5,9.5,NA,Player Shots on Goal,Bet365
TB Lightning v DET Red Wings,Lucas Raymond,5.5,17,NA,Player Shots on Goal,Bet365
TB Lightning v DET Red Wings,Lucas Raymond,6.5,23,NA,Player Shots on Goal,Bet365
TB Lightning v DET Red Wings,Lucas Raymond,7.5,34,NA,Player Shots on Goal,Bet365
TB Lightning v DET Red Wings,Moritz Seider,0.5,1.16,NA,Player Shots on Goal,Bet365
TB Lightning v DET Red Wings,Moritz Seider,1.5,1.8,NA,Player Shots on Goal,Bet365
TB Lightning v DET Red Wings,Moritz Seider,1.5,1.8,1.95,Player Shots on Goal,Bet365
TB Lightning v DET Red Wings,Moritz Seider,2.5,3.65,NA,Player Shots on Goal,Bet365
TB Lightning v DET Red Wings,Moritz Seider,3.5,7.5,NA,Player Shots on Goal,Bet365
TB Lightning v DET Red Wings,Moritz Seider,4.5,16,NA,Player Shots on Goal,Bet365
TB Lightning v DET Red Wings,Moritz Seider,5.5,23,NA,Player Shots on Goal,Bet365
TB Lightning v DET Red Wings,Moritz Seider,6.5,34,NA,Player Shots on Goal,Bet365
TB Lightning v DET Red Wings,Nick Paul,0.5,1.18,NA,Player Shots on Goal,Bet365
TB Lightning v DET Red Wings,Nick Paul,1.5,1.86,NA,Player Shots on Goal,Bet365
TB Lightning v DET Red Wings,Nick Paul,1.5,1.86,1.86,Player Shots on Goal,Bet365
TB Lightning v DET Red Wings,Nick Paul,2.5,3.75,NA,Player Shots on Goal,Bet365
TB Lightning v DET Red Wings,Nick Paul,3.5,8,NA,Player Shots on Goal,Bet365
TB Lightning v DET Red Wings,Nick Paul,4.5,16,NA,Player Shots on Goal,Bet365
TB Lightning v DET Red Wings,Nick Paul,5.5,26,NA,Player Shots on Goal,Bet365
TB Lightning v DET Red Wings,Nick Paul,6.5,34,NA,Player Shots on Goal,Bet365
TB Lightning v DET Red Wings,Nikita Kucherov,0.5,1.025,NA,Player Shots on Goal,Bet365
TB Lightning v DET Red Wings,Nikita Kucherov,1.5,1.14,NA,Player Shots on Goal,Bet365
TB Lightning v DET Red Wings,Nikita Kucherov,2.5,1.5,NA,Player Shots on Goal,Bet365
TB Lightning v DET Red Wings,Nikita Kucherov,3.5,2.32,NA,Player Shots on Goal,Bet365
TB Lightning v DET Red Wings,Nikita Kucherov,3.5,2.32,1.58,Player Shots on Goal,Bet365
TB Lightning v DET Red Wings,Nikita Kucherov,4.5,3.9,NA,Player Shots on Goal,Bet365
TB Lightning v DET Red Wings,Nikita Kucherov,5.5,7,NA,Player Shots on Goal,Bet365
TB Lightning v DET Red Wings,Nikita Kucherov,6.5,12,NA,Player Shots on Goal,Bet365
TB Lightning v DET Red Wings,Nikita Kucherov,7.5,18,NA,Player Shots on Goal,Bet365
TB Lightning v DET Red Wings,Nikita Kucherov,8.5,26,NA,Player Shots on Goal,Bet365
TB Lightning v DET Red Wings,Nikita Kucherov,9.5,34,NA,Player Shots on Goal,Bet365
TB Lightning v DET Red Wings,Oliver Bjorkstrand,0.5,1.15,NA,Player Shots on Goal,Bet365
TB Lightning v DET Red Wings,Oliver Bjorkstrand,1.5,1.71,NA,Player Shots on Goal,Bet365
TB Lightning v DET Red Wings,Oliver Bjorkstrand,1.5,1.71,2.1,Player Shots on Goal,Bet365
TB Lightning v DET Red Wings,Oliver Bjorkstrand,2.5,3.2,NA,Player Shots on Goal,Bet365
TB Lightning v DET Red Wings,Oliver Bjorkstrand,3.5,7,NA,Player Shots on Goal,Bet365
TB Lightning v DET Red Wings,Oliver Bjorkstrand,4.5,15,NA,Player Shots on Goal,Bet365
TB Lightning v DET Red Wings,Oliver Bjorkstrand,5.5,21,NA,Player Shots on Goal,Bet365
TB Lightning v DET Red Wings,Oliver Bjorkstrand,6.5,34,NA,Player Shots on Goal,Bet365
TB Lightning v DET Red Wings,Patrick Kane,0.5,1.062,NA,Player Shots on Goal,Bet365
TB Lightning v DET Red Wings,Patrick Kane,1.5,1.33,NA,Player Shots on Goal,Bet365
TB Lightning v DET Red Wings,Patrick Kane,2.5,2.1,NA,Player Shots on Goal,Bet365
TB Lightning v DET Red Wings,Patrick Kane,2.5,2.1,1.71,Player Shots on Goal,Bet365
TB Lightning v DET Red Wings,Patrick Kane,3.5,3.75,NA,Player Shots on Goal,Bet365
TB Lightning v DET Red Wings,Patrick Kane,4.5,7.25,NA,Player Shots on Goal,Bet365
TB Lightning v DET Red Wings,Patrick Kane,5.5,13,NA,Player Shots on Goal,Bet365
TB Lightning v DET Red Wings,Patrick Kane,6.5,19,NA,Player Shots on Goal,Bet365
TB Lightning v DET Red Wings,Patrick Kane,7.5,34,NA,Player Shots on Goal,Bet365
TB Lightning v DET Red Wings,Victor Hedman,0.5,1.066,NA,Player Shots on Goal,Bet365
TB Lightning v DET Red Wings,Victor Hedman,1.5,1.34,NA,Player Shots on Goal,Bet365
TB Lightning v DET Red Wings,Victor Hedman,2.5,2.2,NA,Player Shots on Goal,Bet365
TB Lightning v DET Red Wings,Victor Hedman,2.5,2.2,1.66,Player Shots on Goal,Bet365
TB Lightning v DET Red Wings,Victor Hedman,3.5,3.9,NA,Player Shots on Goal,Bet365
TB Lightning v DET Red Wings,Victor Hedman,4.5,7.5,NA,Player Shots on Goal,Bet365
TB Lightning v DET Red Wings,Victor Hedman,5.5,15,NA,Player Shots on Goal,Bet365
TB Lightning v DET Red Wings,Victor Hedman,6.5,20,NA,Player Shots on Goal,Bet365
TB Lightning v DET Red Wings,Victor Hedman,7.5,34,NA,Player Shots on Goal,Bet365
TB Lightning v DET Red Wings,Victor Hedman,9.5,34,NA,Player Shots on Goal,Bet365
TB Lightning v DET Red Wings,Vladimir Tarasenko,0.5,1.2,NA,Player Shots on Goal,Bet365
TB Lightning v DET Red Wings,Vladimir Tarasenko,1.5,2.05,NA,Player Shots on Goal,Bet365
TB Lightning v DET Red Wings,Vladimir Tarasenko,1.5,2.05,1.74,Player Shots on Goal,Bet365
TB Lightning v DET Red Wings,Vladimir Tarasenko,2.5,4.3,NA,Player Shots on Goal,Bet365
TB Lightning v DET Red Wings,Vladimir Tarasenko,3.5,9.5,NA,Player Shots on Goal,Bet365
TB Lightning v DET Red Wings,Vladimir Tarasenko,4.5,17.5,NA,Player Shots on Goal,Bet365
TB Lightning v DET Red Wings,Vladimir Tarasenko,5.5,26,NA,Player Shots on Goal,Bet365
TB Lightning v DET Red Wings,Vladimir Tarasenko,6.5,34,NA,Player Shots on Goal,Bet365
OTT Senators v MON Canadiens,Alexander Newhook,0.5,1.22,NA,Player Shots on Goal,Bet365
OTT Senators v MON Canadiens,Alexander Newhook,1.5,2.15,NA,Player Shots on Goal,Bet365
OTT Senators v MON Canadiens,Alexander Newhook,1.5,2.15,1.68,Player Shots on Goal,Bet365
OTT Senators v MON Canadiens,Alexander Newhook,2.5,4.3,NA,Player Shots on Goal,Bet365
OTT Senators v MON Canadiens,Alexander Newhook,3.5,10,NA,Player Shots on Goal,Bet365
OTT Senators v MON Canadiens,Alexander Newhook,4.5,17.5,NA,Player Shots on Goal,Bet365
OTT Senators v MON Canadiens,Alexander Newhook,5.5,34,NA,Player Shots on Goal,Bet365
OTT Senators v MON Canadiens,Brendan Gallagher,0.5,1.15,NA,Player Shots on Goal,Bet365
OTT Senators v MON Canadiens,Brendan Gallagher,1.5,1.76,NA,Player Shots on Goal,Bet365
OTT Senators v MON Canadiens,Brendan Gallagher,1.5,1.76,2,Player Shots on Goal,Bet365
OTT Senators v MON Canadiens,Brendan Gallagher,2.5,3.4,NA,Player Shots on Goal,Bet365
OTT Senators v MON Canadiens,Brendan Gallagher,3.5,7.25,NA,Player Shots on Goal,Bet365
OTT Senators v MON Canadiens,Brendan Gallagher,4.5,15,NA,Player Shots on Goal,Bet365
OTT Senators v MON Canadiens,Brendan Gallagher,5.5,21,NA,Player Shots on Goal,Bet365
OTT Senators v MON Canadiens,Brendan Gallagher,6.5,34,NA,Player Shots on Goal,Bet365
OTT Senators v MON Canadiens,Cole Caufield,0.5,1.04,NA,Player Shots on Goal,Bet365
OTT Senators v MON Canadiens,Cole Caufield,1.5,1.22,NA,Player Shots on Goal,Bet365
OTT Senators v MON Canadiens,Cole Caufield,2.5,1.71,NA,Player Shots on Goal,Bet365
OTT Senators v MON Canadiens,Cole Caufield,2.5,1.71,2.1,Player Shots on Goal,Bet365
OTT Senators v MON Canadiens,Cole Caufield,3.5,2.85,NA,Player Shots on Goal,Bet365
OTT Senators v MON Canadiens,Cole Caufield,4.5,5,NA,Player Shots on Goal,Bet365
OTT Senators v MON Canadiens,Cole Caufield,5.5,10,NA,Player Shots on Goal,Bet365
OTT Senators v MON Canadiens,Cole Caufield,6.5,16,NA,Player Shots on Goal,Bet365
OTT Senators v MON Canadiens,Cole Caufield,7.5,21,NA,Player Shots on Goal,Bet365
OTT Senators v MON Canadiens,Cole Caufield,8.5,34,NA,Player Shots on Goal,Bet365
OTT Senators v MON Canadiens,David Perron,0.5,1.12,NA,Player Shots on Goal,Bet365
OTT Senators v MON Canadiens,David Perron,1.5,1.62,NA,Player Shots on Goal,Bet365
OTT Senators v MON Canadiens,David Perron,1.5,1.62,2.28,Player Shots on Goal,Bet365
OTT Senators v MON Canadiens,David Perron,2.5,2.95,NA,Player Shots on Goal,Bet365
OTT Senators v MON Canadiens,David Perron,3.5,6.25,NA,Player Shots on Goal,Bet365
OTT Senators v MON Canadiens,David Perron,4.5,13,NA,Player Shots on Goal,Bet365
OTT Senators v MON Canadiens,David Perron,5.5,19,NA,Player Shots on Goal,Bet365
OTT Senators v MON Canadiens,David Perron,6.5,34,NA,Player Shots on Goal,Bet365
OTT Senators v MON Canadiens,David Perron,8.5,34,NA,Player Shots on Goal,Bet365
OTT Senators v MON Canadiens,Drake Batherson,0.5,1.076,NA,Player Shots on Goal,Bet365
OTT Senators v MON Canadiens,Drake Batherson,1.5,1.41,NA,Player Shots on Goal,Bet365
OTT Senators v MON Canadiens,Drake Batherson,2.5,2.35,NA,Player Shots on Goal,Bet365
OTT Senators v MON Canadiens,Drake Batherson,2.5,2.35,1.57,Player Shots on Goal,Bet365
OTT Senators v MON Canadiens,Drake Batherson,3.5,4.3,NA,Player Shots on Goal,Bet365
OTT Senators v MON Canadiens,Drake Batherson,4.5,9,NA,Player Shots on Goal,Bet365
OTT Senators v MON Canadiens,Drake Batherson,5.5,16,NA,Player Shots on Goal,Bet365
OTT Senators v MON Canadiens,Drake Batherson,6.5,23,NA,Player Shots on Goal,Bet365
OTT Senators v MON Canadiens,Drake Batherson,7.5,34,NA,Player Shots on Goal,Bet365
OTT Senators v MON Canadiens,Dylan Cozens,0.5,1.09,NA,Player Shots on Goal,Bet365
OTT Senators v MON Canadiens,Dylan Cozens,1.5,1.45,NA,Player Shots on Goal,Bet365
OTT Senators v MON Canadiens,Dylan Cozens,2.5,2.45,NA,Player Shots on Goal,Bet365
OTT Senators v MON Canadiens,Dylan Cozens,2.5,2.45,1.52,Player Shots on Goal,Bet365
OTT Senators v MON Canadiens,Dylan Cozens,3.5,4.75,NA,Player Shots on Goal,Bet365
OTT Senators v MON Canadiens,Dylan Cozens,4.5,9.5,NA,Player Shots on Goal,Bet365
OTT Senators v MON Canadiens,Dylan Cozens,5.5,17,NA,Player Shots on Goal,Bet365
OTT Senators v MON Canadiens,Dylan Cozens,6.5,26,NA,Player Shots on Goal,Bet365
OTT Senators v MON Canadiens,Dylan Cozens,7.5,34,NA,Player Shots on Goal,Bet365
OTT Senators v MON Canadiens,Jake Sanderson,0.5,1.071,NA,Player Shots on Goal,Bet365
OTT Senators v MON Canadiens,Jake Sanderson,1.5,1.38,NA,Player Shots on Goal,Bet365
OTT Senators v MON Canadiens,Jake Sanderson,2.5,2.28,NA,Player Shots on Goal,Bet365
OTT Senators v MON Canadiens,Jake Sanderson,2.5,2.28,1.62,Player Shots on Goal,Bet365
OTT Senators v MON Canadiens,Jake Sanderson,3.5,4,NA,Player Shots on Goal,Bet365
OTT Senators v MON Canadiens,Jake Sanderson,4.5,8,NA,Player Shots on Goal,Bet365
OTT Senators v MON Canadiens,Jake Sanderson,5.5,15,NA,Player Shots on Goal,Bet365
OTT Senators v MON Canadiens,Jake Sanderson,6.5,20,NA,Player Shots on Goal,Bet365
OTT Senators v MON Canadiens,Jake Sanderson,7.5,34,NA,Player Shots on Goal,Bet365
OTT Senators v MON Canadiens,Jake Sanderson,9.5,34,NA,Player Shots on Goal,Bet365
OTT Senators v MON Canadiens,Juraj Slafkovsky,0.5,1.14,NA,Player Shots on Goal,Bet365
OTT Senators v MON Canadiens,Juraj Slafkovsky,1.5,1.68,NA,Player Shots on Goal,Bet365
OTT Senators v MON Canadiens,Juraj Slafkovsky,1.5,1.68,2.15,Player Shots on Goal,Bet365
OTT Senators v MON Canadiens,Juraj Slafkovsky,2.5,3.15,NA,Player Shots on Goal,Bet365
OTT Senators v MON Canadiens,Juraj Slafkovsky,3.5,6.75,NA,Player Shots on Goal,Bet365
OTT Senators v MON Canadiens,Juraj Slafkovsky,4.5,13,NA,Player Shots on Goal,Bet365
OTT Senators v MON Canadiens,Juraj Slafkovsky,5.5,20,NA,Player Shots on Goal,Bet365
OTT Senators v MON Canadiens,Juraj Slafkovsky,6.5,34,NA,Player Shots on Goal,Bet365
OTT Senators v MON Canadiens,Mike Matheson,0.5,1.15,NA,Player Shots on Goal,Bet365
OTT Senators v MON Canadiens,Mike Matheson,1.5,1.76,NA,Player Shots on Goal,Bet365
OTT Senators v MON Canadiens,Mike Matheson,1.5,1.76,2,Player Shots on Goal,Bet365
OTT Senators v MON Canadiens,Mike Matheson,2.5,3.4,NA,Player Shots on Goal,Bet365
OTT Senators v MON Canadiens,Mike Matheson,3.5,7.25,NA,Player Shots on Goal,Bet365
OTT Senators v MON Canadiens,Mike Matheson,4.5,15,NA,Player Shots on Goal,Bet365
OTT Senators v MON Canadiens,Mike Matheson,5.5,21,NA,Player Shots on Goal,Bet365
OTT Senators v MON Canadiens,Mike Matheson,6.5,34,NA,Player Shots on Goal,Bet365
OTT Senators v MON Canadiens,Nicholas Suzuki,0.5,1.083,NA,Player Shots on Goal,Bet365
OTT Senators v MON Canadiens,Nicholas Suzuki,1.5,1.43,NA,Player Shots on Goal,Bet365
OTT Senators v MON Canadiens,Nicholas Suzuki,2.5,2.4,NA,Player Shots on Goal,Bet365
OTT Senators v MON Canadiens,Nicholas Suzuki,2.5,2.4,1.55,Player Shots on Goal,Bet365
OTT Senators v MON Canadiens,Nicholas Suzuki,3.5,4.5,NA,Player Shots on Goal,Bet365
OTT Senators v MON Canadiens,Nicholas Suzuki,4.5,9.5,NA,Player Shots on Goal,Bet365
OTT Senators v MON Canadiens,Nicholas Suzuki,5.5,17,NA,Player Shots on Goal,Bet365
OTT Senators v MON Canadiens,Nicholas Suzuki,6.5,26,NA,Player Shots on Goal,Bet365
OTT Senators v MON Canadiens,Nicholas Suzuki,7.5,34,NA,Player Shots on Goal,Bet365
OTT Senators v MON Canadiens,Patrik Laine,0.5,1.13,NA,Player Shots on Goal,Bet365
OTT Senators v MON Canadiens,Patrik Laine,1.5,1.66,NA,Player Shots on Goal,Bet365
OTT Senators v MON Canadiens,Patrik Laine,1.5,1.66,2.2,Player Shots on Goal,Bet365
OTT Senators v MON Canadiens,Patrik Laine,2.5,3.05,NA,Player Shots on Goal,Bet365
OTT Senators v MON Canadiens,Patrik Laine,3.5,6.5,NA,Player Shots on Goal,Bet365
OTT Senators v MON Canadiens,Patrik Laine,4.5,13,NA,Player Shots on Goal,Bet365
OTT Senators v MON Canadiens,Patrik Laine,5.5,19,NA,Player Shots on Goal,Bet365
OTT Senators v MON Canadiens,Patrik Laine,6.5,34,NA,Player Shots on Goal,Bet365
OTT Senators v MON Canadiens,Patrik Laine,8.5,34,NA,Player Shots on Goal,Bet365
OTT Senators v MON Canadiens,Ridly Greig,0.5,1.16,NA,Player Shots on Goal,Bet365
OTT Senators v MON Canadiens,Ridly Greig,1.5,1.76,NA,Player Shots on Goal,Bet365
OTT Senators v MON Canadiens,Ridly Greig,1.5,1.76,2,Player Shots on Goal,Bet365
OTT Senators v MON Canadiens,Ridly Greig,2.5,3.5,NA,Player Shots on Goal,Bet365
OTT Senators v MON Canadiens,Ridly Greig,3.5,7.25,NA,Player Shots on Goal,Bet365
OTT Senators v MON Canadiens,Ridly Greig,4.5,15,NA,Player Shots on Goal,Bet365
OTT Senators v MON Canadiens,Ridly Greig,5.5,21,NA,Player Shots on Goal,Bet365
OTT Senators v MON Canadiens,Ridly Greig,6.5,34,NA,Player Shots on Goal,Bet365
OTT Senators v MON Canadiens,Thomas Chabot,0.5,1.1,NA,Player Shots on Goal,Bet365
OTT Senators v MON Canadiens,Thomas Chabot,1.5,1.52,NA,Player Shots on Goal,Bet365
OTT Senators v MON Canadiens,Thomas Chabot,1.5,1.52,2.45,Player Shots on Goal,Bet365
OTT Senators v MON Canadiens,Thomas Chabot,2.5,2.7,NA,Player Shots on Goal,Bet365
OTT Senators v MON Canadiens,Thomas Chabot,3.5,5.25,NA,Player Shots on Goal,Bet365
OTT Senators v MON Canadiens,Thomas Chabot,4.5,11,NA,Player Shots on Goal,Bet365
OTT Senators v MON Canadiens,Thomas Chabot,5.5,18,NA,Player Shots on Goal,Bet365
OTT Senators v MON Canadiens,Thomas Chabot,6.5,26,NA,Player Shots on Goal,Bet365
OTT Senators v MON Canadiens,Thomas Chabot,7.5,34,NA,Player Shots on Goal,Bet365
OTT Senators v MON Canadiens,Tim Stutzle,0.5,1.13,NA,Player Shots on Goal,Bet365
OTT Senators v MON Canadiens,Tim Stutzle,1.5,1.66,NA,Player Shots on Goal,Bet365
OTT Senators v MON Canadiens,Tim Stutzle,1.5,1.66,2.2,Player Shots on Goal,Bet365
OTT Senators v MON Canadiens,Tim Stutzle,2.5,3.1,NA,Player Shots on Goal,Bet365
OTT Senators v MON Canadiens,Tim Stutzle,3.5,6.75,NA,Player Shots on Goal,Bet365
OTT Senators v MON Canadiens,Tim Stutzle,4.5,13,NA,Player Shots on Goal,Bet365
OTT Senators v MON Canadiens,Tim Stutzle,5.5,20,NA,Player Shots on Goal,Bet365
OTT Senators v MON Canadiens,Tim Stutzle,6.5,34,NA,Player Shots on Goal,Bet365
OTT Senators v MON Canadiens,Tim Stutzle,8.5,34,NA,Player Shots on Goal,Bet365
NJ Devils v PIT Penguins,Bryan Rust,0.5,1.055,NA,Player Shots on Goal,Bet365
NJ Devils v PIT Penguins,Bryan Rust,1.5,1.29,NA,Player Shots on Goal,Bet365
NJ Devils v PIT Penguins,Bryan Rust,2.5,1.95,NA,Player Shots on Goal,Bet365
NJ Devils v PIT Penguins,Bryan Rust,2.5,1.95,1.8,Player Shots on Goal,Bet365
NJ Devils v PIT Penguins,Bryan Rust,3.5,3.5,NA,Player Shots on Goal,Bet365
NJ Devils v PIT Penguins,Bryan Rust,4.5,6.75,NA,Player Shots on Goal,Bet365
NJ Devils v PIT Penguins,Bryan Rust,5.5,12,NA,Player Shots on Goal,Bet365
NJ Devils v PIT Penguins,Bryan Rust,6.5,18,NA,Player Shots on Goal,Bet365
NJ Devils v PIT Penguins,Bryan Rust,7.5,34,NA,Player Shots on Goal,Bet365
NJ Devils v PIT Penguins,Dawson Mercer,0.5,1.12,NA,Player Shots on Goal,Bet365
NJ Devils v PIT Penguins,Dawson Mercer,1.5,1.6,NA,Player Shots on Goal,Bet365
NJ Devils v PIT Penguins,Dawson Mercer,1.5,1.6,2.3,Player Shots on Goal,Bet365
NJ Devils v PIT Penguins,Dawson Mercer,2.5,2.9,NA,Player Shots on Goal,Bet365
NJ Devils v PIT Penguins,Dawson Mercer,3.5,6,NA,Player Shots on Goal,Bet365
NJ Devils v PIT Penguins,Dawson Mercer,4.5,12,NA,Player Shots on Goal,Bet365
NJ Devils v PIT Penguins,Dawson Mercer,5.5,18,NA,Player Shots on Goal,Bet365
NJ Devils v PIT Penguins,Dawson Mercer,6.5,34,NA,Player Shots on Goal,Bet365
NJ Devils v PIT Penguins,Erik Karlsson,0.5,1.12,NA,Player Shots on Goal,Bet365
NJ Devils v PIT Penguins,Erik Karlsson,1.5,1.6,NA,Player Shots on Goal,Bet365
NJ Devils v PIT Penguins,Erik Karlsson,1.5,1.6,2.3,Player Shots on Goal,Bet365
NJ Devils v PIT Penguins,Erik Karlsson,2.5,2.9,NA,Player Shots on Goal,Bet365
NJ Devils v PIT Penguins,Erik Karlsson,3.5,6,NA,Player Shots on Goal,Bet365
NJ Devils v PIT Penguins,Erik Karlsson,4.5,12,NA,Player Shots on Goal,Bet365
NJ Devils v PIT Penguins,Erik Karlsson,5.5,18,NA,Player Shots on Goal,Bet365
NJ Devils v PIT Penguins,Erik Karlsson,6.5,34,NA,Player Shots on Goal,Bet365
NJ Devils v PIT Penguins,Evgeni Malkin,0.5,1.16,NA,Player Shots on Goal,Bet365
NJ Devils v PIT Penguins,Evgeni Malkin,1.5,1.83,NA,Player Shots on Goal,Bet365
NJ Devils v PIT Penguins,Evgeni Malkin,1.5,1.83,1.9,Player Shots on Goal,Bet365
NJ Devils v PIT Penguins,Evgeni Malkin,2.5,3.7,NA,Player Shots on Goal,Bet365
NJ Devils v PIT Penguins,Evgeni Malkin,3.5,8,NA,Player Shots on Goal,Bet365
NJ Devils v PIT Penguins,Evgeni Malkin,4.5,16,NA,Player Shots on Goal,Bet365
NJ Devils v PIT Penguins,Evgeni Malkin,5.5,23,NA,Player Shots on Goal,Bet365
NJ Devils v PIT Penguins,Evgeni Malkin,6.5,34,NA,Player Shots on Goal,Bet365
NJ Devils v PIT Penguins,Jesper Bratt,0.5,1.083,NA,Player Shots on Goal,Bet365
NJ Devils v PIT Penguins,Jesper Bratt,1.5,1.42,NA,Player Shots on Goal,Bet365
NJ Devils v PIT Penguins,Jesper Bratt,2.5,2.4,NA,Player Shots on Goal,Bet365
NJ Devils v PIT Penguins,Jesper Bratt,2.5,2.4,1.55,Player Shots on Goal,Bet365
NJ Devils v PIT Penguins,Jesper Bratt,3.5,4.5,NA,Player Shots on Goal,Bet365
NJ Devils v PIT Penguins,Jesper Bratt,4.5,9.5,NA,Player Shots on Goal,Bet365
NJ Devils v PIT Penguins,Jesper Bratt,5.5,16,NA,Player Shots on Goal,Bet365
NJ Devils v PIT Penguins,Jesper Bratt,6.5,23,NA,Player Shots on Goal,Bet365
NJ Devils v PIT Penguins,Jesper Bratt,7.5,34,NA,Player Shots on Goal,Bet365
NJ Devils v PIT Penguins,Kris Letang,0.5,1.13,NA,Player Shots on Goal,Bet365
NJ Devils v PIT Penguins,Kris Letang,1.5,1.64,NA,Player Shots on Goal,Bet365
NJ Devils v PIT Penguins,Kris Letang,1.5,1.64,2.25,Player Shots on Goal,Bet365
NJ Devils v PIT Penguins,Kris Letang,2.5,3.05,NA,Player Shots on Goal,Bet365
NJ Devils v PIT Penguins,Kris Letang,3.5,6.5,NA,Player Shots on Goal,Bet365
NJ Devils v PIT Penguins,Kris Letang,4.5,13,NA,Player Shots on Goal,Bet365
NJ Devils v PIT Penguins,Kris Letang,5.5,19,NA,Player Shots on Goal,Bet365
NJ Devils v PIT Penguins,Kris Letang,6.5,34,NA,Player Shots on Goal,Bet365
NJ Devils v PIT Penguins,Kris Letang,8.5,34,NA,Player Shots on Goal,Bet365
NJ Devils v PIT Penguins,Luke Hughes,0.5,1.12,NA,Player Shots on Goal,Bet365
NJ Devils v PIT Penguins,Luke Hughes,1.5,1.6,NA,Player Shots on Goal,Bet365
NJ Devils v PIT Penguins,Luke Hughes,1.5,1.6,2.3,Player Shots on Goal,Bet365
NJ Devils v PIT Penguins,Luke Hughes,2.5,2.95,NA,Player Shots on Goal,Bet365
NJ Devils v PIT Penguins,Luke Hughes,3.5,6,NA,Player Shots on Goal,Bet365
NJ Devils v PIT Penguins,Luke Hughes,4.5,12,NA,Player Shots on Goal,Bet365
NJ Devils v PIT Penguins,Luke Hughes,5.5,18,NA,Player Shots on Goal,Bet365
NJ Devils v PIT Penguins,Luke Hughes,6.5,34,NA,Player Shots on Goal,Bet365
NJ Devils v PIT Penguins,Luke Hughes,8.5,34,NA,Player Shots on Goal,Bet365
NJ Devils v PIT Penguins,Nico Hischier,0.5,1.071,NA,Player Shots on Goal,Bet365
NJ Devils v PIT Penguins,Nico Hischier,1.5,1.38,NA,Player Shots on Goal,Bet365
NJ Devils v PIT Penguins,Nico Hischier,2.5,2.28,NA,Player Shots on Goal,Bet365
NJ Devils v PIT Penguins,Nico Hischier,2.5,2.28,1.62,Player Shots on Goal,Bet365
NJ Devils v PIT Penguins,Nico Hischier,3.5,4,NA,Player Shots on Goal,Bet365
NJ Devils v PIT Penguins,Nico Hischier,4.5,8.5,NA,Player Shots on Goal,Bet365
NJ Devils v PIT Penguins,Nico Hischier,5.5,15,NA,Player Shots on Goal,Bet365
NJ Devils v PIT Penguins,Nico Hischier,6.5,21,NA,Player Shots on Goal,Bet365
NJ Devils v PIT Penguins,Nico Hischier,7.5,34,NA,Player Shots on Goal,Bet365
NJ Devils v PIT Penguins,Nico Hischier,9.5,34,NA,Player Shots on Goal,Bet365
NJ Devils v PIT Penguins,Rickard Rakell,0.5,1.083,NA,Player Shots on Goal,Bet365
NJ Devils v PIT Penguins,Rickard Rakell,1.5,1.44,NA,Player Shots on Goal,Bet365
NJ Devils v PIT Penguins,Rickard Rakell,2.5,2.4,NA,Player Shots on Goal,Bet365
NJ Devils v PIT Penguins,Rickard Rakell,2.5,2.4,1.55,Player Shots on Goal,Bet365
NJ Devils v PIT Penguins,Rickard Rakell,3.5,4.5,NA,Player Shots on Goal,Bet365
NJ Devils v PIT Penguins,Rickard Rakell,4.5,9.5,NA,Player Shots on Goal,Bet365
NJ Devils v PIT Penguins,Rickard Rakell,5.5,17,NA,Player Shots on Goal,Bet365
NJ Devils v PIT Penguins,Rickard Rakell,6.5,26,NA,Player Shots on Goal,Bet365
NJ Devils v PIT Penguins,Rickard Rakell,7.5,34,NA,Player Shots on Goal,Bet365
NJ Devils v PIT Penguins,Sidney Crosby,0.5,1.055,NA,Player Shots on Goal,Bet365
NJ Devils v PIT Penguins,Sidney Crosby,1.5,1.31,NA,Player Shots on Goal,Bet365
NJ Devils v PIT Penguins,Sidney Crosby,2.5,2,NA,Player Shots on Goal,Bet365
NJ Devils v PIT Penguins,Sidney Crosby,2.5,2,1.76,Player Shots on Goal,Bet365
NJ Devils v PIT Penguins,Sidney Crosby,3.5,3.65,NA,Player Shots on Goal,Bet365
NJ Devils v PIT Penguins,Sidney Crosby,4.5,7,NA,Player Shots on Goal,Bet365
NJ Devils v PIT Penguins,Sidney Crosby,5.5,13,NA,Player Shots on Goal,Bet365
NJ Devils v PIT Penguins,Sidney Crosby,6.5,18,NA,Player Shots on Goal,Bet365
NJ Devils v PIT Penguins,Sidney Crosby,7.5,34,NA,Player Shots on Goal,Bet365
NJ Devils v PIT Penguins,Stefan Noesen,0.5,1.13,NA,Player Shots on Goal,Bet365
NJ Devils v PIT Penguins,Stefan Noesen,1.5,1.64,NA,Player Shots on Goal,Bet365
NJ Devils v PIT Penguins,Stefan Noesen,1.5,1.64,2.25,Player Shots on Goal,Bet365
NJ Devils v PIT Penguins,Stefan Noesen,2.5,3.05,NA,Player Shots on Goal,Bet365
NJ Devils v PIT Penguins,Stefan Noesen,3.5,6.5,NA,Player Shots on Goal,Bet365
NJ Devils v PIT Penguins,Stefan Noesen,4.5,13,NA,Player Shots on Goal,Bet365
NJ Devils v PIT Penguins,Stefan Noesen,5.5,19,NA,Player Shots on Goal,Bet365
NJ Devils v PIT Penguins,Stefan Noesen,6.5,34,NA,Player Shots on Goal,Bet365
NJ Devils v PIT Penguins,Stefan Noesen,8.5,34,NA,Player Shots on Goal,Bet365
NJ Devils v PIT Penguins,Timo Meier,0.5,1.025,NA,Player Shots on Goal,Bet365
NJ Devils v PIT Penguins,Timo Meier,1.5,1.16,NA,Player Shots on Goal,Bet365
NJ Devils v PIT Penguins,Timo Meier,2.5,1.52,NA,Player Shots on Goal,Bet365
NJ Devils v PIT Penguins,Timo Meier,3.5,2.4,NA,Player Shots on Goal,Bet365
NJ Devils v PIT Penguins,Timo Meier,3.5,2.4,1.55,Player Shots on Goal,Bet365
NJ Devils v PIT Penguins,Timo Meier,4.5,4,NA,Player Shots on Goal,Bet365
NJ Devils v PIT Penguins,Timo Meier,5.5,7.5,NA,Player Shots on Goal,Bet365
NJ Devils v PIT Penguins,Timo Meier,6.5,13,NA,Player Shots on Goal,Bet365
NJ Devils v PIT Penguins,Timo Meier,7.5,18,NA,Player Shots on Goal,Bet365
NJ Devils v PIT Penguins,Timo Meier,8.5,34,NA,Player Shots on Goal,Bet365
EDM Oilers v SJ Sharks,Connor McDavid,0.5,1.033,NA,Player Shots on Goal,Bet365
EDM Oilers v SJ Sharks,Connor McDavid,1.5,1.2,NA,Player Shots on Goal,Bet365
EDM Oilers v SJ Sharks,Connor McDavid,2.5,1.66,NA,Player Shots on Goal,Bet365
EDM Oilers v SJ Sharks,Connor McDavid,2.5,1.66,2.2,Player Shots on Goal,Bet365
EDM Oilers v SJ Sharks,Connor McDavid,3.5,2.75,NA,Player Shots on Goal,Bet365
EDM Oilers v SJ Sharks,Connor McDavid,4.5,4.75,NA,Player Shots on Goal,Bet365
EDM Oilers v SJ Sharks,Connor McDavid,5.5,9.5,NA,Player Shots on Goal,Bet365
EDM Oilers v SJ Sharks,Connor McDavid,6.5,16,NA,Player Shots on Goal,Bet365
EDM Oilers v SJ Sharks,Connor McDavid,7.5,21,NA,Player Shots on Goal,Bet365
EDM Oilers v SJ Sharks,Connor McDavid,8.5,34,NA,Player Shots on Goal,Bet365
EDM Oilers v SJ Sharks,Darnell Nurse,0.5,1.076,NA,Player Shots on Goal,Bet365
EDM Oilers v SJ Sharks,Darnell Nurse,1.5,1.4,NA,Player Shots on Goal,Bet365
EDM Oilers v SJ Sharks,Darnell Nurse,2.5,2.3,NA,Player Shots on Goal,Bet365
EDM Oilers v SJ Sharks,Darnell Nurse,2.5,2.3,1.6,Player Shots on Goal,Bet365
EDM Oilers v SJ Sharks,Darnell Nurse,3.5,4.3,NA,Player Shots on Goal,Bet365
EDM Oilers v SJ Sharks,Darnell Nurse,4.5,9,NA,Player Shots on Goal,Bet365
EDM Oilers v SJ Sharks,Darnell Nurse,5.5,16,NA,Player Shots on Goal,Bet365
EDM Oilers v SJ Sharks,Darnell Nurse,6.5,23,NA,Player Shots on Goal,Bet365
EDM Oilers v SJ Sharks,Darnell Nurse,7.5,34,NA,Player Shots on Goal,Bet365
EDM Oilers v SJ Sharks,Evan Bouchard,0.5,1.04,NA,Player Shots on Goal,Bet365
EDM Oilers v SJ Sharks,Evan Bouchard,1.5,1.23,NA,Player Shots on Goal,Bet365
EDM Oilers v SJ Sharks,Evan Bouchard,2.5,1.76,NA,Player Shots on Goal,Bet365
EDM Oilers v SJ Sharks,Evan Bouchard,2.5,1.76,2,Player Shots on Goal,Bet365
EDM Oilers v SJ Sharks,Evan Bouchard,3.5,2.95,NA,Player Shots on Goal,Bet365
EDM Oilers v SJ Sharks,Evan Bouchard,4.5,5.5,NA,Player Shots on Goal,Bet365
EDM Oilers v SJ Sharks,Evan Bouchard,5.5,10,NA,Player Shots on Goal,Bet365
EDM Oilers v SJ Sharks,Evan Bouchard,6.5,17,NA,Player Shots on Goal,Bet365
EDM Oilers v SJ Sharks,Evan Bouchard,7.5,26,NA,Player Shots on Goal,Bet365
EDM Oilers v SJ Sharks,Evan Bouchard,8.5,34,NA,Player Shots on Goal,Bet365
EDM Oilers v SJ Sharks,Jeff Skinner,0.5,1.076,NA,Player Shots on Goal,Bet365
EDM Oilers v SJ Sharks,Jeff Skinner,1.5,1.38,NA,Player Shots on Goal,Bet365
EDM Oilers v SJ Sharks,Jeff Skinner,2.5,2.3,NA,Player Shots on Goal,Bet365
EDM Oilers v SJ Sharks,Jeff Skinner,2.5,2.3,1.6,Player Shots on Goal,Bet365
EDM Oilers v SJ Sharks,Jeff Skinner,3.5,4.3,NA,Player Shots on Goal,Bet365
EDM Oilers v SJ Sharks,Jeff Skinner,4.5,8.5,NA,Player Shots on Goal,Bet365
EDM Oilers v SJ Sharks,Jeff Skinner,5.5,16,NA,Player Shots on Goal,Bet365
EDM Oilers v SJ Sharks,Jeff Skinner,6.5,21,NA,Player Shots on Goal,Bet365
EDM Oilers v SJ Sharks,Jeff Skinner,7.5,34,NA,Player Shots on Goal,Bet365
EDM Oilers v SJ Sharks,Jeff Skinner,9.5,34,NA,Player Shots on Goal,Bet365
EDM Oilers v SJ Sharks,Macklin Celebrini,0.5,1.02,NA,Player Shots on Goal,Bet365
EDM Oilers v SJ Sharks,Macklin Celebrini,1.5,1.14,NA,Player Shots on Goal,Bet365
EDM Oilers v SJ Sharks,Macklin Celebrini,2.5,1.47,NA,Player Shots on Goal,Bet365
EDM Oilers v SJ Sharks,Macklin Celebrini,3.5,2.3,NA,Player Shots on Goal,Bet365
EDM Oilers v SJ Sharks,Macklin Celebrini,3.5,2.3,1.6,Player Shots on Goal,Bet365
EDM Oilers v SJ Sharks,Macklin Celebrini,4.5,3.9,NA,Player Shots on Goal,Bet365
EDM Oilers v SJ Sharks,Macklin Celebrini,5.5,7,NA,Player Shots on Goal,Bet365
EDM Oilers v SJ Sharks,Macklin Celebrini,6.5,12,NA,Player Shots on Goal,Bet365
EDM Oilers v SJ Sharks,Macklin Celebrini,7.5,18,NA,Player Shots on Goal,Bet365
EDM Oilers v SJ Sharks,Macklin Celebrini,8.5,26,NA,Player Shots on Goal,Bet365
EDM Oilers v SJ Sharks,Macklin Celebrini,9.5,34,NA,Player Shots on Goal,Bet365
EDM Oilers v SJ Sharks,Timothy Liljegren,0.5,1.18,NA,Player Shots on Goal,Bet365
EDM Oilers v SJ Sharks,Timothy Liljegren,1.5,1.83,NA,Player Shots on Goal,Bet365
EDM Oilers v SJ Sharks,Timothy Liljegren,1.5,1.83,1.9,Player Shots on Goal,Bet365
EDM Oilers v SJ Sharks,Timothy Liljegren,2.5,3.75,NA,Player Shots on Goal,Bet365
EDM Oilers v SJ Sharks,Timothy Liljegren,3.5,8,NA,Player Shots on Goal,Bet365
EDM Oilers v SJ Sharks,Timothy Liljegren,4.5,16,NA,Player Shots on Goal,Bet365
EDM Oilers v SJ Sharks,Timothy Liljegren,5.5,26,NA,Player Shots on Goal,Bet365
EDM Oilers v SJ Sharks,Timothy Liljegren,6.5,34,NA,Player Shots on Goal,Bet365
EDM Oilers v SJ Sharks,Tyler Toffoli,0.5,1.045,NA,Player Shots on Goal,Bet365
EDM Oilers v SJ Sharks,Tyler Toffoli,1.5,1.25,NA,Player Shots on Goal,Bet365
EDM Oilers v SJ Sharks,Tyler Toffoli,2.5,1.76,NA,Player Shots on Goal,Bet365
EDM Oilers v SJ Sharks,Tyler Toffoli,2.5,1.76,2,Player Shots on Goal,Bet365
EDM Oilers v SJ Sharks,Tyler Toffoli,3.5,3.05,NA,Player Shots on Goal,Bet365
EDM Oilers v SJ Sharks,Tyler Toffoli,4.5,5.75,NA,Player Shots on Goal,Bet365
EDM Oilers v SJ Sharks,Tyler Toffoli,5.5,11,NA,Player Shots on Goal,Bet365
EDM Oilers v SJ Sharks,Tyler Toffoli,6.5,17.5,NA,Player Shots on Goal,Bet365
EDM Oilers v SJ Sharks,Tyler Toffoli,7.5,26,NA,Player Shots on Goal,Bet365
EDM Oilers v SJ Sharks,Tyler Toffoli,8.5,34,NA,Player Shots on Goal,Bet365
EDM Oilers v SJ Sharks,Viktor Arvidsson,0.5,1.04,NA,Player Shots on Goal,Bet365
EDM Oilers v SJ Sharks,Viktor Arvidsson,1.5,1.22,NA,Player Shots on Goal,Bet365
EDM Oilers v SJ Sharks,Viktor Arvidsson,2.5,1.71,NA,Player Shots on Goal,Bet365
EDM Oilers v SJ Sharks,Viktor Arvidsson,2.5,1.71,2.1,Player Shots on Goal,Bet365
EDM Oilers v SJ Sharks,Viktor Arvidsson,3.5,2.85,NA,Player Shots on Goal,Bet365
EDM Oilers v SJ Sharks,Viktor Arvidsson,4.5,5.25,NA,Player Shots on Goal,Bet365
EDM Oilers v SJ Sharks,Viktor Arvidsson,5.5,10,NA,Player Shots on Goal,Bet365
EDM Oilers v SJ Sharks,Viktor Arvidsson,6.5,17,NA,Player Shots on Goal,Bet365
EDM Oilers v SJ Sharks,Viktor Arvidsson,7.5,21,NA,Player Shots on Goal,Bet365
EDM Oilers v SJ Sharks,Viktor Arvidsson,8.5,34,NA,Player Shots on Goal,Bet365
EDM Oilers v SJ Sharks,William Eklund,0.5,1.12,NA,Player Shots on Goal,Bet365
EDM Oilers v SJ Sharks,William Eklund,1.5,1.62,NA,Player Shots on Goal,Bet365
EDM Oilers v SJ Sharks,William Eklund,1.5,1.62,2.28,Player Shots on Goal,Bet365
EDM Oilers v SJ Sharks,William Eklund,2.5,3,NA,Player Shots on Goal,Bet365
EDM Oilers v SJ Sharks,William Eklund,3.5,6.25,NA,Player Shots on Goal,Bet365
EDM Oilers v SJ Sharks,William Eklund,4.5,13,NA,Player Shots on Goal,Bet365
EDM Oilers v SJ Sharks,William Eklund,5.5,19,NA,Player Shots on Goal,Bet365
EDM Oilers v SJ Sharks,William Eklund,6.5,34,NA,Player Shots on Goal,Bet365
EDM Oilers v SJ Sharks,William Eklund,8.5,34,NA,Player Shots on Goal,Bet365
EDM Oilers v SJ Sharks,Zach Hyman,0.5,1.033,NA,Player Shots on Goal,Bet365
EDM Oilers v SJ Sharks,Zach Hyman,1.5,1.18,NA,Player Shots on Goal,Bet365
EDM Oilers v SJ Sharks,Zach Hyman,2.5,1.6,NA,Player Shots on Goal,Bet365
EDM Oilers v SJ Sharks,Zach Hyman,2.5,1.6,2.3,Player Shots on Goal,Bet365
EDM Oilers v SJ Sharks,Zach Hyman,3.5,2.55,NA,Player Shots on Goal,Bet365
EDM Oilers v SJ Sharks,Zach Hyman,4.5,4.5,NA,Player Shots on Goal,Bet365
EDM Oilers v SJ Sharks,Zach Hyman,5.5,8.5,NA,Player Shots on Goal,Bet365
EDM Oilers v SJ Sharks,Zach Hyman,6.5,15,NA,Player Shots on Goal,Bet365
EDM Oilers v SJ Sharks,Zach Hyman,7.5,19,NA,Player Shots on Goal,Bet365
EDM Oilers v SJ Sharks,Zach Hyman,8.5,34,NA,Player Shots on Goal,Bet365
CAL Flames v MIN Wild,Blake Coleman,0.5,1.071,NA,Player Shots on Goal,Bet365
CAL Flames v MIN Wild,Blake Coleman,1.5,1.38,NA,Player Shots on Goal,Bet365
CAL Flames v MIN Wild,Blake Coleman,2.5,2.28,NA,Player Shots on Goal,Bet365
CAL Flames v MIN Wild,Blake Coleman,2.5,2.28,1.62,Player Shots on Goal,Bet365
CAL Flames v MIN Wild,Blake Coleman,3.5,4,NA,Player Shots on Goal,Bet365
CAL Flames v MIN Wild,Blake Coleman,4.5,8.5,NA,Player Shots on Goal,Bet365
CAL Flames v MIN Wild,Blake Coleman,5.5,15,NA,Player Shots on Goal,Bet365
CAL Flames v MIN Wild,Blake Coleman,6.5,21,NA,Player Shots on Goal,Bet365
CAL Flames v MIN Wild,Blake Coleman,7.5,34,NA,Player Shots on Goal,Bet365
CAL Flames v MIN Wild,Blake Coleman,9.5,34,NA,Player Shots on Goal,Bet365
CAL Flames v MIN Wild,Brock Faber,0.5,1.22,NA,Player Shots on Goal,Bet365
CAL Flames v MIN Wild,Brock Faber,1.5,2.05,NA,Player Shots on Goal,Bet365
CAL Flames v MIN Wild,Brock Faber,1.5,2.05,1.74,Player Shots on Goal,Bet365
CAL Flames v MIN Wild,Brock Faber,2.5,4.3,NA,Player Shots on Goal,Bet365
CAL Flames v MIN Wild,Brock Faber,3.5,9.5,NA,Player Shots on Goal,Bet365
CAL Flames v MIN Wild,Brock Faber,4.5,17.5,NA,Player Shots on Goal,Bet365
CAL Flames v MIN Wild,Brock Faber,5.5,26,NA,Player Shots on Goal,Bet365
CAL Flames v MIN Wild,Brock Faber,6.5,34,NA,Player Shots on Goal,Bet365
CAL Flames v MIN Wild,Jared Spurgeon,0.5,1.18,NA,Player Shots on Goal,Bet365
CAL Flames v MIN Wild,Jared Spurgeon,1.5,1.83,NA,Player Shots on Goal,Bet365
CAL Flames v MIN Wild,Jared Spurgeon,1.5,1.83,1.9,Player Shots on Goal,Bet365
CAL Flames v MIN Wild,Jared Spurgeon,2.5,3.75,NA,Player Shots on Goal,Bet365
CAL Flames v MIN Wild,Jared Spurgeon,3.5,8,NA,Player Shots on Goal,Bet365
CAL Flames v MIN Wild,Jared Spurgeon,4.5,16,NA,Player Shots on Goal,Bet365
CAL Flames v MIN Wild,Jared Spurgeon,5.5,26,NA,Player Shots on Goal,Bet365
CAL Flames v MIN Wild,Jared Spurgeon,6.5,34,NA,Player Shots on Goal,Bet365
CAL Flames v MIN Wild,Joel Eriksson Ek,0.5,1.04,NA,Player Shots on Goal,Bet365
CAL Flames v MIN Wild,Joel Eriksson Ek,1.5,1.23,NA,Player Shots on Goal,Bet365
CAL Flames v MIN Wild,Joel Eriksson Ek,2.5,1.76,NA,Player Shots on Goal,Bet365
CAL Flames v MIN Wild,Joel Eriksson Ek,2.5,1.76,2,Player Shots on Goal,Bet365
CAL Flames v MIN Wild,Joel Eriksson Ek,3.5,3,NA,Player Shots on Goal,Bet365
CAL Flames v MIN Wild,Joel Eriksson Ek,4.5,5.5,NA,Player Shots on Goal,Bet365
CAL Flames v MIN Wild,Joel Eriksson Ek,5.5,10,NA,Player Shots on Goal,Bet365
CAL Flames v MIN Wild,Joel Eriksson Ek,6.5,17.5,NA,Player Shots on Goal,Bet365
CAL Flames v MIN Wild,Joel Eriksson Ek,7.5,26,NA,Player Shots on Goal,Bet365
CAL Flames v MIN Wild,Joel Eriksson Ek,8.5,34,NA,Player Shots on Goal,Bet365
CAL Flames v MIN Wild,Jonathan Huberdeau,0.5,1.11,NA,Player Shots on Goal,Bet365
CAL Flames v MIN Wild,Jonathan Huberdeau,1.5,1.58,NA,Player Shots on Goal,Bet365
CAL Flames v MIN Wild,Jonathan Huberdeau,1.5,1.58,2.32,Player Shots on Goal,Bet365
CAL Flames v MIN Wild,Jonathan Huberdeau,2.5,2.9,NA,Player Shots on Goal,Bet365
CAL Flames v MIN Wild,Jonathan Huberdeau,3.5,6,NA,Player Shots on Goal,Bet365
CAL Flames v MIN Wild,Jonathan Huberdeau,4.5,12,NA,Player Shots on Goal,Bet365
CAL Flames v MIN Wild,Jonathan Huberdeau,5.5,18,NA,Player Shots on Goal,Bet365
CAL Flames v MIN Wild,Jonathan Huberdeau,6.5,34,NA,Player Shots on Goal,Bet365
CAL Flames v MIN Wild,Kirill Kaprizov,0.5,1.02,NA,Player Shots on Goal,Bet365
CAL Flames v MIN Wild,Kirill Kaprizov,1.5,1.12,NA,Player Shots on Goal,Bet365
CAL Flames v MIN Wild,Kirill Kaprizov,2.5,1.42,NA,Player Shots on Goal,Bet365
CAL Flames v MIN Wild,Kirill Kaprizov,3.5,2.2,NA,Player Shots on Goal,Bet365
CAL Flames v MIN Wild,Kirill Kaprizov,3.5,2.2,1.66,Player Shots on Goal,Bet365
CAL Flames v MIN Wild,Kirill Kaprizov,4.5,3.6,NA,Player Shots on Goal,Bet365
CAL Flames v MIN Wild,Kirill Kaprizov,5.5,6.25,NA,Player Shots on Goal,Bet365
CAL Flames v MIN Wild,Kirill Kaprizov,6.5,11,NA,Player Shots on Goal,Bet365
CAL Flames v MIN Wild,Kirill Kaprizov,7.5,17.5,NA,Player Shots on Goal,Bet365
CAL Flames v MIN Wild,Kirill Kaprizov,8.5,23,NA,Player Shots on Goal,Bet365
CAL Flames v MIN Wild,Kirill Kaprizov,9.5,34,NA,Player Shots on Goal,Bet365
CAL Flames v MIN Wild,MacKenzie Weegar,0.5,1.062,NA,Player Shots on Goal,Bet365
CAL Flames v MIN Wild,MacKenzie Weegar,1.5,1.33,NA,Player Shots on Goal,Bet365
CAL Flames v MIN Wild,MacKenzie Weegar,2.5,2.1,NA,Player Shots on Goal,Bet365
CAL Flames v MIN Wild,MacKenzie Weegar,2.5,2.1,1.71,Player Shots on Goal,Bet365
CAL Flames v MIN Wild,MacKenzie Weegar,3.5,3.8,NA,Player Shots on Goal,Bet365
CAL Flames v MIN Wild,MacKenzie Weegar,4.5,7.25,NA,Player Shots on Goal,Bet365
CAL Flames v MIN Wild,MacKenzie Weegar,5.5,13,NA,Player Shots on Goal,Bet365
CAL Flames v MIN Wild,MacKenzie Weegar,6.5,19,NA,Player Shots on Goal,Bet365
CAL Flames v MIN Wild,MacKenzie Weegar,7.5,34,NA,Player Shots on Goal,Bet365
CAL Flames v MIN Wild,Marco Rossi,0.5,1.22,NA,Player Shots on Goal,Bet365
CAL Flames v MIN Wild,Marco Rossi,1.5,2.15,NA,Player Shots on Goal,Bet365
CAL Flames v MIN Wild,Marco Rossi,1.5,2.15,1.68,Player Shots on Goal,Bet365
CAL Flames v MIN Wild,Marco Rossi,2.5,4.3,NA,Player Shots on Goal,Bet365
CAL Flames v MIN Wild,Marco Rossi,3.5,10,NA,Player Shots on Goal,Bet365
CAL Flames v MIN Wild,Marco Rossi,4.5,17.5,NA,Player Shots on Goal,Bet365
CAL Flames v MIN Wild,Marco Rossi,5.5,34,NA,Player Shots on Goal,Bet365
CAL Flames v MIN Wild,Mats Zuccarello,0.5,1.11,NA,Player Shots on Goal,Bet365
CAL Flames v MIN Wild,Mats Zuccarello,1.5,1.58,NA,Player Shots on Goal,Bet365
CAL Flames v MIN Wild,Mats Zuccarello,1.5,1.58,2.32,Player Shots on Goal,Bet365
CAL Flames v MIN Wild,Mats Zuccarello,2.5,2.85,NA,Player Shots on Goal,Bet365
CAL Flames v MIN Wild,Mats Zuccarello,3.5,5.75,NA,Player Shots on Goal,Bet365
CAL Flames v MIN Wild,Mats Zuccarello,4.5,12,NA,Player Shots on Goal,Bet365
CAL Flames v MIN Wild,Mats Zuccarello,5.5,18,NA,Player Shots on Goal,Bet365
CAL Flames v MIN Wild,Mats Zuccarello,6.5,34,NA,Player Shots on Goal,Bet365
CAL Flames v MIN Wild,Matt Coronato,0.5,1.066,NA,Player Shots on Goal,Bet365
CAL Flames v MIN Wild,Matt Coronato,1.5,1.36,NA,Player Shots on Goal,Bet365
CAL Flames v MIN Wild,Matt Coronato,2.5,2.2,NA,Player Shots on Goal,Bet365
CAL Flames v MIN Wild,Matt Coronato,2.5,2.2,1.66,Player Shots on Goal,Bet365
CAL Flames v MIN Wild,Matt Coronato,3.5,3.9,NA,Player Shots on Goal,Bet365
CAL Flames v MIN Wild,Matt Coronato,4.5,7.5,NA,Player Shots on Goal,Bet365
CAL Flames v MIN Wild,Matt Coronato,5.5,15,NA,Player Shots on Goal,Bet365
CAL Flames v MIN Wild,Matt Coronato,6.5,20,NA,Player Shots on Goal,Bet365
CAL Flames v MIN Wild,Matt Coronato,7.5,34,NA,Player Shots on Goal,Bet365
CAL Flames v MIN Wild,Matt Coronato,9.5,34,NA,Player Shots on Goal,Bet365
CAL Flames v MIN Wild,Matthew Boldy,0.5,1.033,NA,Player Shots on Goal,Bet365
CAL Flames v MIN Wild,Matthew Boldy,1.5,1.2,NA,Player Shots on Goal,Bet365
CAL Flames v MIN Wild,Matthew Boldy,2.5,1.66,NA,Player Shots on Goal,Bet365
CAL Flames v MIN Wild,Matthew Boldy,2.5,1.66,2.2,Player Shots on Goal,Bet365
CAL Flames v MIN Wild,Matthew Boldy,3.5,2.75,NA,Player Shots on Goal,Bet365
CAL Flames v MIN Wild,Matthew Boldy,4.5,4.75,NA,Player Shots on Goal,Bet365
CAL Flames v MIN Wild,Matthew Boldy,5.5,9.5,NA,Player Shots on Goal,Bet365
CAL Flames v MIN Wild,Matthew Boldy,6.5,16,NA,Player Shots on Goal,Bet365
CAL Flames v MIN Wild,Matthew Boldy,7.5,21,NA,Player Shots on Goal,Bet365
CAL Flames v MIN Wild,Matthew Boldy,8.5,34,NA,Player Shots on Goal,Bet365
CAL Flames v MIN Wild,Mikael Backlund,0.5,1.1,NA,Player Shots on Goal,Bet365
CAL Flames v MIN Wild,Mikael Backlund,1.5,1.52,NA,Player Shots on Goal,Bet365
CAL Flames v MIN Wild,Mikael Backlund,1.5,1.52,2.45,Player Shots on Goal,Bet365
CAL Flames v MIN Wild,Mikael Backlund,2.5,2.6,NA,Player Shots on Goal,Bet365
CAL Flames v MIN Wild,Mikael Backlund,3.5,5.25,NA,Player Shots on Goal,Bet365
CAL Flames v MIN Wild,Mikael Backlund,4.5,11,NA,Player Shots on Goal,Bet365
CAL Flames v MIN Wild,Mikael Backlund,5.5,17.5,NA,Player Shots on Goal,Bet365
CAL Flames v MIN Wild,Mikael Backlund,6.5,26,NA,Player Shots on Goal,Bet365
CAL Flames v MIN Wild,Mikael Backlund,7.5,34,NA,Player Shots on Goal,Bet365
CAL Flames v MIN Wild,Nazem Kadri,0.5,1.015,NA,Player Shots on Goal,Bet365
CAL Flames v MIN Wild,Nazem Kadri,1.5,1.11,NA,Player Shots on Goal,Bet365
CAL Flames v MIN Wild,Nazem Kadri,2.5,1.4,NA,Player Shots on Goal,Bet365
CAL Flames v MIN Wild,Nazem Kadri,3.5,2.1,NA,Player Shots on Goal,Bet365
CAL Flames v MIN Wild,Nazem Kadri,3.5,2.1,1.71,Player Shots on Goal,Bet365
CAL Flames v MIN Wild,Nazem Kadri,4.5,3.3,NA,Player Shots on Goal,Bet365
CAL Flames v MIN Wild,Nazem Kadri,5.5,6,NA,Player Shots on Goal,Bet365
CAL Flames v MIN Wild,Nazem Kadri,6.5,10,NA,Player Shots on Goal,Bet365
CAL Flames v MIN Wild,Nazem Kadri,7.5,17,NA,Player Shots on Goal,Bet365
CAL Flames v MIN Wild,Nazem Kadri,8.5,21,NA,Player Shots on Goal,Bet365
CAL Flames v MIN Wild,Nazem Kadri,9.5,34,NA,Player Shots on Goal,Bet365
CAL Flames v MIN Wild,Rasmus Andersson,0.5,1.11,NA,Player Shots on Goal,Bet365
CAL Flames v MIN Wild,Rasmus Andersson,1.5,1.58,NA,Player Shots on Goal,Bet365
CAL Flames v MIN Wild,Rasmus Andersson,1.5,1.58,2.32,Player Shots on Goal,Bet365
CAL Flames v MIN Wild,Rasmus Andersson,2.5,2.9,NA,Player Shots on Goal,Bet365
CAL Flames v MIN Wild,Rasmus Andersson,3.5,6,NA,Player Shots on Goal,Bet365
CAL Flames v MIN Wild,Rasmus Andersson,4.5,12,NA,Player Shots on Goal,Bet365
CAL Flames v MIN Wild,Rasmus Andersson,5.5,18,NA,Player Shots on Goal,Bet365
CAL Flames v MIN Wild,Rasmus Andersson,6.5,34,NA,Player Shots on Goal,Bet365
CAL Flames v MIN Wild,Ryan Hartman,0.5,1.15,NA,Player Shots on Goal,Bet365
CAL Flames v MIN Wild,Ryan Hartman,1.5,1.71,NA,Player Shots on Goal,Bet365
CAL Flames v MIN Wild,Ryan Hartman,1.5,1.71,2.1,Player Shots on Goal,Bet365
CAL Flames v MIN Wild,Ryan Hartman,2.5,3.2,NA,Player Shots on Goal,Bet365
CAL Flames v MIN Wild,Ryan Hartman,3.5,7,NA,Player Shots on Goal,Bet365
CAL Flames v MIN Wild,Ryan Hartman,4.5,15,NA,Player Shots on Goal,Bet365
CAL Flames v MIN Wild,Ryan Hartman,5.5,21,NA,Player Shots on Goal,Bet365
CAL Flames v MIN Wild,Ryan Hartman,6.5,34,NA,Player Shots on Goal,Bet365
