match,home_team,away_team,market_name,player_name,line,over_price,under_price,agency
Boston Bruins v Toronto Maple Leafs,Boston Bruins,Toronto Maple Leafs,Player Goals,Auston Matthews,0.5,2.2,NA,Sportsbet
Boston Bruins v Toronto Maple Leafs,Boston Bruins,Toronto Maple Leafs,Player Goals,William Nylander,0.5,2.55,NA,Sportsbet
Boston Bruins v Toronto Maple Leafs,Boston Bruins,Toronto Maple Leafs,Player Goals,John Tavares,0.5,3.1,NA,Sportsbet
Boston Bruins v Toronto Maple Leafs,Boston Bruins,Toronto Maple Leafs,Player Goals,Matthew Knies,0.5,3.6,NA,Sportsbet
Boston Bruins v Toronto Maple Leafs,Boston Bruins,Toronto Maple Leafs,Player Goals,Mitchell Marner,0.5,3.2,NA,Sportsbet
Boston Bruins v Toronto Maple Leafs,Boston Bruins,Toronto Maple Leafs,Player Goals,Bobby Mcmann,0.5,4.3,NA,Sportsbet
Boston Bruins v Toronto Maple Leafs,Boston Bruins,Toronto Maple Leafs,Player Goals,Max Domi,0.5,6.5,NA,Sportsbet
Boston Bruins v Toronto Maple Leafs,Boston Bruins,Toronto Maple Leafs,Player Goals,Nicholas Robertson,0.5,6,NA,Sportsbet
Boston Bruins v Toronto Maple Leafs,Boston Bruins,Toronto Maple Leafs,Player Goals,Pontus Holmberg,0.5,7,NA,Sportsbet
Boston Bruins v Toronto Maple Leafs,Boston Bruins,Toronto Maple Leafs,Player Goals,Alex Steeves,0.5,8,NA,Sportsbet
Boston Bruins v Toronto Maple Leafs,Boston Bruins,Toronto Maple Leafs,Player Goals,David Kampf,0.5,9,NA,Sportsbet
Boston Bruins v Toronto Maple Leafs,Boston Bruins,Toronto Maple Leafs,Player Goals,Morgan Rielly,0.5,9.25,NA,Sportsbet
Boston Bruins v Toronto Maple Leafs,Boston Bruins,Toronto Maple Leafs,Player Goals,Steven Lorentz,0.5,9.75,NA,Sportsbet
Boston Bruins v Toronto Maple Leafs,Boston Bruins,Toronto Maple Leafs,Player Goals,Oliver Ekman-Larsson,0.5,11,NA,Sportsbet
Boston Bruins v Toronto Maple Leafs,Boston Bruins,Toronto Maple Leafs,Player Goals,Jake McCabe,0.5,15,NA,Sportsbet
Boston Bruins v Toronto Maple Leafs,Boston Bruins,Toronto Maple Leafs,Player Goals,Chris Tanev,0.5,19,NA,Sportsbet
Boston Bruins v Toronto Maple Leafs,Boston Bruins,Toronto Maple Leafs,Player Goals,Conor Timmins,0.5,19,NA,Sportsbet
Boston Bruins v Toronto Maple Leafs,Boston Bruins,Toronto Maple Leafs,Player Goals,Simon Benoit,0.5,19,NA,Sportsbet
Boston Bruins v Toronto Maple Leafs,Boston Bruins,Toronto Maple Leafs,Player Goals,David Pastrnak,0.5,2.25,NA,Sportsbet
Boston Bruins v Toronto Maple Leafs,Boston Bruins,Toronto Maple Leafs,Player Goals,Brad Marchand,0.5,3.25,NA,Sportsbet
Boston Bruins v Toronto Maple Leafs,Boston Bruins,Toronto Maple Leafs,Player Goals,Elias Lindholm,0.5,4.2,NA,Sportsbet
Boston Bruins v Toronto Maple Leafs,Boston Bruins,Toronto Maple Leafs,Player Goals,Morgan Geekie,0.5,4.1,NA,Sportsbet
Boston Bruins v Toronto Maple Leafs,Boston Bruins,Toronto Maple Leafs,Player Goals,Pavel Zacha,0.5,4.5,NA,Sportsbet
Boston Bruins v Toronto Maple Leafs,Boston Bruins,Toronto Maple Leafs,Player Goals,Charlie Coyle,0.5,5.1,NA,Sportsbet
Boston Bruins v Toronto Maple Leafs,Boston Bruins,Toronto Maple Leafs,Player Goals,Matthew Poitras,0.5,5.9,NA,Sportsbet
Boston Bruins v Toronto Maple Leafs,Boston Bruins,Toronto Maple Leafs,Player Goals,Oliver Wahlstrom,0.5,6.75,NA,Sportsbet
Boston Bruins v Toronto Maple Leafs,Boston Bruins,Toronto Maple Leafs,Player Goals,Trent Frederic,0.5,7,NA,Sportsbet
Boston Bruins v Toronto Maple Leafs,Boston Bruins,Toronto Maple Leafs,Player Goals,Mark Kastelic,0.5,9.25,NA,Sportsbet
Boston Bruins v Toronto Maple Leafs,Boston Bruins,Toronto Maple Leafs,Player Goals,Mason Lohrei,0.5,9,NA,Sportsbet
Boston Bruins v Toronto Maple Leafs,Boston Bruins,Toronto Maple Leafs,Player Goals,Riley Tufte,0.5,9.75,NA,Sportsbet
Boston Bruins v Toronto Maple Leafs,Boston Bruins,Toronto Maple Leafs,Player Goals,John Beecher,0.5,10,NA,Sportsbet
Boston Bruins v Toronto Maple Leafs,Boston Bruins,Toronto Maple Leafs,Player Goals,Nikita Zadorov,0.5,10,NA,Sportsbet
Boston Bruins v Toronto Maple Leafs,Boston Bruins,Toronto Maple Leafs,Player Goals,Parker Wotherspoon,0.5,10,NA,Sportsbet
Boston Bruins v Toronto Maple Leafs,Boston Bruins,Toronto Maple Leafs,Player Goals,Andrew Peeke,0.5,17,NA,Sportsbet
Boston Bruins v Toronto Maple Leafs,Boston Bruins,Toronto Maple Leafs,Player Goals,Brandon Carlo,0.5,21,NA,Sportsbet
Boston Bruins v Toronto Maple Leafs,Boston Bruins,Toronto Maple Leafs,Player Goals,Michael Callahan,0.5,21,NA,Sportsbet
Boston Bruins v Toronto Maple Leafs,Boston Bruins,Toronto Maple Leafs,Player Goals,Auston Matthews,1.5,7.5,NA,Sportsbet
Boston Bruins v Toronto Maple Leafs,Boston Bruins,Toronto Maple Leafs,Player Goals,William Nylander,1.5,9.5,NA,Sportsbet
Boston Bruins v Toronto Maple Leafs,Boston Bruins,Toronto Maple Leafs,Player Goals,John Tavares,1.5,12,NA,Sportsbet
Boston Bruins v Toronto Maple Leafs,Boston Bruins,Toronto Maple Leafs,Player Goals,Mitchell Marner,1.5,12,NA,Sportsbet
Boston Bruins v Toronto Maple Leafs,Boston Bruins,Toronto Maple Leafs,Player Goals,Matthew Knies,1.5,13,NA,Sportsbet
Boston Bruins v Toronto Maple Leafs,Boston Bruins,Toronto Maple Leafs,Player Goals,Bobby Mcmann,1.5,15,NA,Sportsbet
Boston Bruins v Toronto Maple Leafs,Boston Bruins,Toronto Maple Leafs,Player Goals,David Pastrnak,1.5,7.75,NA,Sportsbet
Boston Bruins v Toronto Maple Leafs,Boston Bruins,Toronto Maple Leafs,Player Goals,Brad Marchand,1.5,12,NA,Sportsbet
Boston Bruins v Toronto Maple Leafs,Boston Bruins,Toronto Maple Leafs,Player Goals,Morgan Geekie,1.5,15,NA,Sportsbet
Boston Bruins v Toronto Maple Leafs,Boston Bruins,Toronto Maple Leafs,Player Goals,Elias Lindholm,1.5,17,NA,Sportsbet
Boston Bruins v Toronto Maple Leafs,Boston Bruins,Toronto Maple Leafs,Player Goals,Pavel Zacha,1.5,21,NA,Sportsbet
Boston Bruins v Toronto Maple Leafs,Boston Bruins,Toronto Maple Leafs,Player Goals,Charlie Coyle,1.5,41,NA,Sportsbet
Boston Bruins v Toronto Maple Leafs,Boston Bruins,Toronto Maple Leafs,Player Goals,Matthew Poitras,1.5,41,NA,Sportsbet
Philadelphia Flyers v Pittsburgh Penguins,Philadelphia Flyers,Pittsburgh Penguins,Player Goals,Danton Heinen,0.5,4.8,NA,Sportsbet
Philadelphia Flyers v Pittsburgh Penguins,Philadelphia Flyers,Pittsburgh Penguins,Player Goals,Jakob Pelletier,0.5,6.25,NA,Sportsbet
Philadelphia Flyers v Pittsburgh Penguins,Philadelphia Flyers,Pittsburgh Penguins,Player Goals,Sidney Crosby,0.5,2.65,NA,Sportsbet
Philadelphia Flyers v Pittsburgh Penguins,Philadelphia Flyers,Pittsburgh Penguins,Player Goals,Bryan Rust,0.5,3.5,NA,Sportsbet
Philadelphia Flyers v Pittsburgh Penguins,Philadelphia Flyers,Pittsburgh Penguins,Player Goals,Rickard Rakell,0.5,3.25,NA,Sportsbet
Philadelphia Flyers v Pittsburgh Penguins,Philadelphia Flyers,Pittsburgh Penguins,Player Goals,Anthony Beauvillier,0.5,4.9,NA,Sportsbet
Philadelphia Flyers v Pittsburgh Penguins,Philadelphia Flyers,Pittsburgh Penguins,Player Goals,Evgeni Malkin,0.5,4.3,NA,Sportsbet
Philadelphia Flyers v Pittsburgh Penguins,Philadelphia Flyers,Pittsburgh Penguins,Player Goals,Kevin Hayes,0.5,4.8,NA,Sportsbet
Philadelphia Flyers v Pittsburgh Penguins,Philadelphia Flyers,Pittsburgh Penguins,Player Goals,Michael Bunting,0.5,4.8,NA,Sportsbet
Philadelphia Flyers v Pittsburgh Penguins,Philadelphia Flyers,Pittsburgh Penguins,Player Goals,Cody Glass,0.5,5.8,NA,Sportsbet
Philadelphia Flyers v Pittsburgh Penguins,Philadelphia Flyers,Pittsburgh Penguins,Player Goals,Erik Karlsson,0.5,7.5,NA,Sportsbet
Philadelphia Flyers v Pittsburgh Penguins,Philadelphia Flyers,Pittsburgh Penguins,Player Goals,Philip Tomasino,0.5,7,NA,Sportsbet
Philadelphia Flyers v Pittsburgh Penguins,Philadelphia Flyers,Pittsburgh Penguins,Player Goals,Blake Lizotte,0.5,8.25,NA,Sportsbet
Philadelphia Flyers v Pittsburgh Penguins,Philadelphia Flyers,Pittsburgh Penguins,Player Goals,Kris Letang,0.5,8,NA,Sportsbet
Philadelphia Flyers v Pittsburgh Penguins,Philadelphia Flyers,Pittsburgh Penguins,Player Goals,Matt Grzelcyk,0.5,9,NA,Sportsbet
Philadelphia Flyers v Pittsburgh Penguins,Philadelphia Flyers,Pittsburgh Penguins,Player Goals,Noel Acciari,0.5,9.5,NA,Sportsbet
Philadelphia Flyers v Pittsburgh Penguins,Philadelphia Flyers,Pittsburgh Penguins,Player Goals,Ryan Shea,0.5,15,NA,Sportsbet
Philadelphia Flyers v Pittsburgh Penguins,Philadelphia Flyers,Pittsburgh Penguins,Player Goals,Pierre-Olivier Joseph,0.5,16,NA,Sportsbet
Philadelphia Flyers v Pittsburgh Penguins,Philadelphia Flyers,Pittsburgh Penguins,Player Goals,Ryan Graves,0.5,16,NA,Sportsbet
Philadelphia Flyers v Pittsburgh Penguins,Philadelphia Flyers,Pittsburgh Penguins,Player Goals,Travis Konecny,0.5,2.5,NA,Sportsbet
Philadelphia Flyers v Pittsburgh Penguins,Philadelphia Flyers,Pittsburgh Penguins,Player Goals,Andrei Kuzmenko,0.5,3.7,NA,Sportsbet
Philadelphia Flyers v Pittsburgh Penguins,Philadelphia Flyers,Pittsburgh Penguins,Player Goals,Matvei Michkov,0.5,3.75,NA,Sportsbet
Philadelphia Flyers v Pittsburgh Penguins,Philadelphia Flyers,Pittsburgh Penguins,Player Goals,Owen Tippett,0.5,3.15,NA,Sportsbet
Philadelphia Flyers v Pittsburgh Penguins,Philadelphia Flyers,Pittsburgh Penguins,Player Goals,Tyson Foerster,0.5,3.8,NA,Sportsbet
Philadelphia Flyers v Pittsburgh Penguins,Philadelphia Flyers,Pittsburgh Penguins,Player Goals,Noah Cates,0.5,4.5,NA,Sportsbet
Philadelphia Flyers v Pittsburgh Penguins,Philadelphia Flyers,Pittsburgh Penguins,Player Goals,Scott Laughton,0.5,4.25,NA,Sportsbet
Philadelphia Flyers v Pittsburgh Penguins,Philadelphia Flyers,Pittsburgh Penguins,Player Goals,Bobby Brink,0.5,5.1,NA,Sportsbet
Philadelphia Flyers v Pittsburgh Penguins,Philadelphia Flyers,Pittsburgh Penguins,Player Goals,Sean Couturier,0.5,5.1,NA,Sportsbet
Philadelphia Flyers v Pittsburgh Penguins,Philadelphia Flyers,Pittsburgh Penguins,Player Goals,Jamie Drysdale,0.5,7.75,NA,Sportsbet
Philadelphia Flyers v Pittsburgh Penguins,Philadelphia Flyers,Pittsburgh Penguins,Player Goals,Rasmus Ristolainen,0.5,7.75,NA,Sportsbet
Philadelphia Flyers v Pittsburgh Penguins,Philadelphia Flyers,Pittsburgh Penguins,Player Goals,Ryan Poehling,0.5,7,NA,Sportsbet
Philadelphia Flyers v Pittsburgh Penguins,Philadelphia Flyers,Pittsburgh Penguins,Player Goals,Garnet Hathaway,0.5,8.25,NA,Sportsbet
Philadelphia Flyers v Pittsburgh Penguins,Philadelphia Flyers,Pittsburgh Penguins,Player Goals,Cam York,0.5,9.25,NA,Sportsbet
Philadelphia Flyers v Pittsburgh Penguins,Philadelphia Flyers,Pittsburgh Penguins,Player Goals,Egor Zamula,0.5,10.5,NA,Sportsbet
Philadelphia Flyers v Pittsburgh Penguins,Philadelphia Flyers,Pittsburgh Penguins,Player Goals,Travis Sanheim,0.5,10.5,NA,Sportsbet
Philadelphia Flyers v Pittsburgh Penguins,Philadelphia Flyers,Pittsburgh Penguins,Player Goals,Nick Seeler,0.5,11,NA,Sportsbet
Philadelphia Flyers v Pittsburgh Penguins,Philadelphia Flyers,Pittsburgh Penguins,Player Goals,Sidney Crosby,1.5,9.5,NA,Sportsbet
Philadelphia Flyers v Pittsburgh Penguins,Philadelphia Flyers,Pittsburgh Penguins,Player Goals,Rickard Rakell,1.5,12,NA,Sportsbet
Philadelphia Flyers v Pittsburgh Penguins,Philadelphia Flyers,Pittsburgh Penguins,Player Goals,Bryan Rust,1.5,13,NA,Sportsbet
Philadelphia Flyers v Pittsburgh Penguins,Philadelphia Flyers,Pittsburgh Penguins,Player Goals,Anthony Beauvillier,1.5,34,NA,Sportsbet
Philadelphia Flyers v Pittsburgh Penguins,Philadelphia Flyers,Pittsburgh Penguins,Player Goals,Evgeni Malkin,1.5,34,NA,Sportsbet
Philadelphia Flyers v Pittsburgh Penguins,Philadelphia Flyers,Pittsburgh Penguins,Player Goals,Kevin Hayes,1.5,34,NA,Sportsbet
Philadelphia Flyers v Pittsburgh Penguins,Philadelphia Flyers,Pittsburgh Penguins,Player Goals,Michael Bunting,1.5,34,NA,Sportsbet
Philadelphia Flyers v Pittsburgh Penguins,Philadelphia Flyers,Pittsburgh Penguins,Player Goals,Cody Glass,1.5,41,NA,Sportsbet
Philadelphia Flyers v Pittsburgh Penguins,Philadelphia Flyers,Pittsburgh Penguins,Player Goals,Travis Konecny,1.5,9.5,NA,Sportsbet
Philadelphia Flyers v Pittsburgh Penguins,Philadelphia Flyers,Pittsburgh Penguins,Player Goals,Owen Tippett,1.5,12,NA,Sportsbet
Philadelphia Flyers v Pittsburgh Penguins,Philadelphia Flyers,Pittsburgh Penguins,Player Goals,Andrei Kuzmenko,1.5,13,NA,Sportsbet
Philadelphia Flyers v Pittsburgh Penguins,Philadelphia Flyers,Pittsburgh Penguins,Player Goals,Tyson Foerster,1.5,13,NA,Sportsbet
Philadelphia Flyers v Pittsburgh Penguins,Philadelphia Flyers,Pittsburgh Penguins,Player Goals,Matvei Michkov,1.5,14,NA,Sportsbet
Philadelphia Flyers v Pittsburgh Penguins,Philadelphia Flyers,Pittsburgh Penguins,Player Goals,Scott Laughton,1.5,15,NA,Sportsbet
Philadelphia Flyers v Pittsburgh Penguins,Philadelphia Flyers,Pittsburgh Penguins,Player Goals,Noah Cates,1.5,21,NA,Sportsbet
Philadelphia Flyers v Pittsburgh Penguins,Philadelphia Flyers,Pittsburgh Penguins,Player Goals,Bobby Brink,1.5,34,NA,Sportsbet
Philadelphia Flyers v Pittsburgh Penguins,Philadelphia Flyers,Pittsburgh Penguins,Player Goals,Sean Couturier,1.5,41,NA,Sportsbet
Montreal Canadiens v Carolina Hurricanes,Montreal Canadiens,Carolina Hurricanes,Player Goals,Mikko Rantanen,0.5,2.35,NA,Sportsbet
Montreal Canadiens v Carolina Hurricanes,Montreal Canadiens,Carolina Hurricanes,Player Goals,Sebastian Aho (CAR),0.5,2.55,NA,Sportsbet
Montreal Canadiens v Carolina Hurricanes,Montreal Canadiens,Carolina Hurricanes,Player Goals,Seth Jarvis,0.5,2.75,NA,Sportsbet
Montreal Canadiens v Carolina Hurricanes,Montreal Canadiens,Carolina Hurricanes,Player Goals,Andrei Svechnikov,0.5,3.4,NA,Sportsbet
Montreal Canadiens v Carolina Hurricanes,Montreal Canadiens,Carolina Hurricanes,Player Goals,Jackson Blake,0.5,3.6,NA,Sportsbet
Montreal Canadiens v Carolina Hurricanes,Montreal Canadiens,Carolina Hurricanes,Player Goals,Jesperi Kotkaniemi,0.5,4.8,NA,Sportsbet
Montreal Canadiens v Carolina Hurricanes,Montreal Canadiens,Carolina Hurricanes,Player Goals,Taylor Hall,0.5,4.5,NA,Sportsbet
Montreal Canadiens v Carolina Hurricanes,Montreal Canadiens,Carolina Hurricanes,Player Goals,Jordan Martinook,0.5,5.7,NA,Sportsbet
Montreal Canadiens v Carolina Hurricanes,Montreal Canadiens,Carolina Hurricanes,Player Goals,Jordan Staal,0.5,5,NA,Sportsbet
Montreal Canadiens v Carolina Hurricanes,Montreal Canadiens,Carolina Hurricanes,Player Goals,Brent Burns,0.5,6.25,NA,Sportsbet
Montreal Canadiens v Carolina Hurricanes,Montreal Canadiens,Carolina Hurricanes,Player Goals,Jack Roslovic,0.5,6.25,NA,Sportsbet
Montreal Canadiens v Carolina Hurricanes,Montreal Canadiens,Carolina Hurricanes,Player Goals,Shayne Gostisbehere,0.5,7.25,NA,Sportsbet
Montreal Canadiens v Carolina Hurricanes,Montreal Canadiens,Carolina Hurricanes,Player Goals,Eric Robinson,0.5,8,NA,Sportsbet
Montreal Canadiens v Carolina Hurricanes,Montreal Canadiens,Carolina Hurricanes,Player Goals,Tyson Jost,0.5,9.25,NA,Sportsbet
Montreal Canadiens v Carolina Hurricanes,Montreal Canadiens,Carolina Hurricanes,Player Goals,Jaccob Slavin,0.5,10.5,NA,Sportsbet
Montreal Canadiens v Carolina Hurricanes,Montreal Canadiens,Carolina Hurricanes,Player Goals,Sean Walker,0.5,13,NA,Sportsbet
Montreal Canadiens v Carolina Hurricanes,Montreal Canadiens,Carolina Hurricanes,Player Goals,Dmitry Orlov,0.5,15,NA,Sportsbet
Montreal Canadiens v Carolina Hurricanes,Montreal Canadiens,Carolina Hurricanes,Player Goals,Jalen Chatfield,0.5,16,NA,Sportsbet
Montreal Canadiens v Carolina Hurricanes,Montreal Canadiens,Carolina Hurricanes,Player Goals,Cole Caufield,0.5,3,NA,Sportsbet
Montreal Canadiens v Carolina Hurricanes,Montreal Canadiens,Carolina Hurricanes,Player Goals,Nick Suzuki,0.5,3.7,NA,Sportsbet
Montreal Canadiens v Carolina Hurricanes,Montreal Canadiens,Carolina Hurricanes,Player Goals,Patrik Laine,0.5,3.9,NA,Sportsbet
Montreal Canadiens v Carolina Hurricanes,Montreal Canadiens,Carolina Hurricanes,Player Goals,Brendan Gallagher,0.5,4.7,NA,Sportsbet
Montreal Canadiens v Carolina Hurricanes,Montreal Canadiens,Carolina Hurricanes,Player Goals,Alex Newhook,0.5,5.8,NA,Sportsbet
Montreal Canadiens v Carolina Hurricanes,Montreal Canadiens,Carolina Hurricanes,Player Goals,Christian Dvorak,0.5,5.75,NA,Sportsbet
Montreal Canadiens v Carolina Hurricanes,Montreal Canadiens,Carolina Hurricanes,Player Goals,Juraj Slafkovsky,0.5,5.1,NA,Sportsbet
Montreal Canadiens v Carolina Hurricanes,Montreal Canadiens,Carolina Hurricanes,Player Goals,Jake Evans,0.5,6.75,NA,Sportsbet
Montreal Canadiens v Carolina Hurricanes,Montreal Canadiens,Carolina Hurricanes,Player Goals,Josh Anderson,0.5,6.5,NA,Sportsbet
Montreal Canadiens v Carolina Hurricanes,Montreal Canadiens,Carolina Hurricanes,Player Goals,Owen Beck,0.5,6.25,NA,Sportsbet
Montreal Canadiens v Carolina Hurricanes,Montreal Canadiens,Carolina Hurricanes,Player Goals,Emil Heineman,0.5,8,NA,Sportsbet
Montreal Canadiens v Carolina Hurricanes,Montreal Canadiens,Carolina Hurricanes,Player Goals,Joel Armia,0.5,8.25,NA,Sportsbet
Montreal Canadiens v Carolina Hurricanes,Montreal Canadiens,Carolina Hurricanes,Player Goals,Lane Hutson,0.5,9,NA,Sportsbet
Montreal Canadiens v Carolina Hurricanes,Montreal Canadiens,Carolina Hurricanes,Player Goals,Mike Matheson,0.5,9,NA,Sportsbet
Montreal Canadiens v Carolina Hurricanes,Montreal Canadiens,Carolina Hurricanes,Player Goals,Alexandre Carrier,0.5,12.5,NA,Sportsbet
Montreal Canadiens v Carolina Hurricanes,Montreal Canadiens,Carolina Hurricanes,Player Goals,Jayden Struble,0.5,18,NA,Sportsbet
Montreal Canadiens v Carolina Hurricanes,Montreal Canadiens,Carolina Hurricanes,Player Goals,Arber Xhekaj,0.5,19,NA,Sportsbet
Montreal Canadiens v Carolina Hurricanes,Montreal Canadiens,Carolina Hurricanes,Player Goals,David Savard,0.5,21,NA,Sportsbet
Montreal Canadiens v Carolina Hurricanes,Montreal Canadiens,Carolina Hurricanes,Player Goals,Mikko Rantanen,1.5,8.5,NA,Sportsbet
Montreal Canadiens v Carolina Hurricanes,Montreal Canadiens,Carolina Hurricanes,Player Goals,Sebastian Aho (CAR),1.5,9.5,NA,Sportsbet
Montreal Canadiens v Carolina Hurricanes,Montreal Canadiens,Carolina Hurricanes,Player Goals,Seth Jarvis,1.5,10,NA,Sportsbet
Montreal Canadiens v Carolina Hurricanes,Montreal Canadiens,Carolina Hurricanes,Player Goals,Andrei Svechnikov,1.5,12,NA,Sportsbet
Montreal Canadiens v Carolina Hurricanes,Montreal Canadiens,Carolina Hurricanes,Player Goals,Jackson Blake,1.5,13,NA,Sportsbet
Montreal Canadiens v Carolina Hurricanes,Montreal Canadiens,Carolina Hurricanes,Player Goals,Taylor Hall,1.5,21,NA,Sportsbet
Montreal Canadiens v Carolina Hurricanes,Montreal Canadiens,Carolina Hurricanes,Player Goals,Jesperi Kotkaniemi,1.5,34,NA,Sportsbet
Montreal Canadiens v Carolina Hurricanes,Montreal Canadiens,Carolina Hurricanes,Player Goals,Jordan Staal,1.5,34,NA,Sportsbet
Montreal Canadiens v Carolina Hurricanes,Montreal Canadiens,Carolina Hurricanes,Player Goals,Jordan Martinook,1.5,41,NA,Sportsbet
Montreal Canadiens v Carolina Hurricanes,Montreal Canadiens,Carolina Hurricanes,Player Goals,Cole Caufield,1.5,11,NA,Sportsbet
Montreal Canadiens v Carolina Hurricanes,Montreal Canadiens,Carolina Hurricanes,Player Goals,Nick Suzuki,1.5,13,NA,Sportsbet
Montreal Canadiens v Carolina Hurricanes,Montreal Canadiens,Carolina Hurricanes,Player Goals,Patrik Laine,1.5,14,NA,Sportsbet
Montreal Canadiens v Carolina Hurricanes,Montreal Canadiens,Carolina Hurricanes,Player Goals,Brendan Gallagher,1.5,34,NA,Sportsbet
Montreal Canadiens v Carolina Hurricanes,Montreal Canadiens,Carolina Hurricanes,Player Goals,Juraj Slafkovsky,1.5,34,NA,Sportsbet
Montreal Canadiens v Carolina Hurricanes,Montreal Canadiens,Carolina Hurricanes,Player Goals,Alex Newhook,1.5,41,NA,Sportsbet
Montreal Canadiens v Carolina Hurricanes,Montreal Canadiens,Carolina Hurricanes,Player Goals,Christian Dvorak,1.5,41,NA,Sportsbet
Washington Capitals v Calgary Flames,Washington Capitals,Calgary Flames,Player Goals,Jonathan Huberdeau,0.5,3.6,NA,Sportsbet
Washington Capitals v Calgary Flames,Washington Capitals,Calgary Flames,Player Goals,Nazem Kadri,0.5,3.4,NA,Sportsbet
Washington Capitals v Calgary Flames,Washington Capitals,Calgary Flames,Player Goals,Blake Coleman,0.5,4.4,NA,Sportsbet
Washington Capitals v Calgary Flames,Washington Capitals,Calgary Flames,Player Goals,Matt Coronato,0.5,4.25,NA,Sportsbet
Washington Capitals v Calgary Flames,Washington Capitals,Calgary Flames,Player Goals,Yegor Sharangovich,0.5,4.9,NA,Sportsbet
Washington Capitals v Calgary Flames,Washington Capitals,Calgary Flames,Player Goals,Connor Zary,0.5,5.3,NA,Sportsbet
Washington Capitals v Calgary Flames,Washington Capitals,Calgary Flames,Player Goals,Joel Farabee,0.5,5.4,NA,Sportsbet
Washington Capitals v Calgary Flames,Washington Capitals,Calgary Flames,Player Goals,Mikael Backlund,0.5,5.4,NA,Sportsbet
Washington Capitals v Calgary Flames,Washington Capitals,Calgary Flames,Player Goals,Morgan Frost,0.5,5.2,NA,Sportsbet
Washington Capitals v Calgary Flames,Washington Capitals,Calgary Flames,Player Goals,MacKenzie Weegar,0.5,8,NA,Sportsbet
Washington Capitals v Calgary Flames,Washington Capitals,Calgary Flames,Player Goals,Martin Pospisil,0.5,9.25,NA,Sportsbet
Washington Capitals v Calgary Flames,Washington Capitals,Calgary Flames,Player Goals,Kevin Rooney,0.5,11.5,NA,Sportsbet
Washington Capitals v Calgary Flames,Washington Capitals,Calgary Flames,Player Goals,Ryan Lomberg,0.5,12,NA,Sportsbet
Washington Capitals v Calgary Flames,Washington Capitals,Calgary Flames,Player Goals,Rasmus Andersson,0.5,13,NA,Sportsbet
Washington Capitals v Calgary Flames,Washington Capitals,Calgary Flames,Player Goals,Ilya Solovyov,0.5,14,NA,Sportsbet
Washington Capitals v Calgary Flames,Washington Capitals,Calgary Flames,Player Goals,Brayden Pachal,0.5,17,NA,Sportsbet
Washington Capitals v Calgary Flames,Washington Capitals,Calgary Flames,Player Goals,Jake Bean,0.5,17,NA,Sportsbet
Washington Capitals v Calgary Flames,Washington Capitals,Calgary Flames,Player Goals,Joel Hanley,0.5,18,NA,Sportsbet
Washington Capitals v Calgary Flames,Washington Capitals,Calgary Flames,Player Goals,Alex Ovechkin,0.5,2,NA,Sportsbet
Washington Capitals v Calgary Flames,Washington Capitals,Calgary Flames,Player Goals,Aliaksei Protas,0.5,3.7,NA,Sportsbet
Washington Capitals v Calgary Flames,Washington Capitals,Calgary Flames,Player Goals,Connor McMichael,0.5,3.7,NA,Sportsbet
Washington Capitals v Calgary Flames,Washington Capitals,Calgary Flames,Player Goals,Dylan Strome,0.5,3.45,NA,Sportsbet
Washington Capitals v Calgary Flames,Washington Capitals,Calgary Flames,Player Goals,Pierre-Luc Dubois,0.5,3.9,NA,Sportsbet
Washington Capitals v Calgary Flames,Washington Capitals,Calgary Flames,Player Goals,Tom Wilson,0.5,3.35,NA,Sportsbet
Washington Capitals v Calgary Flames,Washington Capitals,Calgary Flames,Player Goals,Andrew Mangiapane,0.5,4.75,NA,Sportsbet
Washington Capitals v Calgary Flames,Washington Capitals,Calgary Flames,Player Goals,Jakob Chychrun,0.5,6,NA,Sportsbet
Washington Capitals v Calgary Flames,Washington Capitals,Calgary Flames,Player Goals,Lars Eller,0.5,6.25,NA,Sportsbet
Washington Capitals v Calgary Flames,Washington Capitals,Calgary Flames,Player Goals,Nic Dowd,0.5,6.75,NA,Sportsbet
Washington Capitals v Calgary Flames,Washington Capitals,Calgary Flames,Player Goals,Taylor Raddysh,0.5,6.5,NA,Sportsbet
Washington Capitals v Calgary Flames,Washington Capitals,Calgary Flames,Player Goals,Brandon Duhaime,0.5,7.25,NA,Sportsbet
Washington Capitals v Calgary Flames,Washington Capitals,Calgary Flames,Player Goals,Ethen Frank,0.5,7,NA,Sportsbet
Washington Capitals v Calgary Flames,Washington Capitals,Calgary Flames,Player Goals,John Carlson,0.5,7,NA,Sportsbet
Washington Capitals v Calgary Flames,Washington Capitals,Calgary Flames,Player Goals,Rasmus Sandin,0.5,8.25,NA,Sportsbet
Washington Capitals v Calgary Flames,Washington Capitals,Calgary Flames,Player Goals,Matt Roy,0.5,11.5,NA,Sportsbet
Washington Capitals v Calgary Flames,Washington Capitals,Calgary Flames,Player Goals,Trevor van Riemsdyk,0.5,12,NA,Sportsbet
Washington Capitals v Calgary Flames,Washington Capitals,Calgary Flames,Player Goals,Martin Fehervary,0.5,14,NA,Sportsbet
Washington Capitals v Calgary Flames,Washington Capitals,Calgary Flames,Player Goals,Jonathan Huberdeau,1.5,13,NA,Sportsbet
Washington Capitals v Calgary Flames,Washington Capitals,Calgary Flames,Player Goals,Nazem Kadri,1.5,13,NA,Sportsbet
Washington Capitals v Calgary Flames,Washington Capitals,Calgary Flames,Player Goals,Matt Coronato,1.5,14,NA,Sportsbet
Washington Capitals v Calgary Flames,Washington Capitals,Calgary Flames,Player Goals,Blake Coleman,1.5,17,NA,Sportsbet
Washington Capitals v Calgary Flames,Washington Capitals,Calgary Flames,Player Goals,Joel Farabee,1.5,34,NA,Sportsbet
Washington Capitals v Calgary Flames,Washington Capitals,Calgary Flames,Player Goals,Morgan Frost,1.5,34,NA,Sportsbet
Washington Capitals v Calgary Flames,Washington Capitals,Calgary Flames,Player Goals,Yegor Sharangovich,1.5,34,NA,Sportsbet
Washington Capitals v Calgary Flames,Washington Capitals,Calgary Flames,Player Goals,Connor Zary,1.5,41,NA,Sportsbet
Washington Capitals v Calgary Flames,Washington Capitals,Calgary Flames,Player Goals,Mikael Backlund,1.5,41,NA,Sportsbet
Washington Capitals v Calgary Flames,Washington Capitals,Calgary Flames,Player Goals,Alex Ovechkin,1.5,6,NA,Sportsbet
Washington Capitals v Calgary Flames,Washington Capitals,Calgary Flames,Player Goals,Tom Wilson,1.5,12,NA,Sportsbet
Washington Capitals v Calgary Flames,Washington Capitals,Calgary Flames,Player Goals,Aliaksei Protas,1.5,13,NA,Sportsbet
Washington Capitals v Calgary Flames,Washington Capitals,Calgary Flames,Player Goals,Connor McMichael,1.5,13,NA,Sportsbet
Washington Capitals v Calgary Flames,Washington Capitals,Calgary Flames,Player Goals,Dylan Strome,1.5,13,NA,Sportsbet
Washington Capitals v Calgary Flames,Washington Capitals,Calgary Flames,Player Goals,Pierre-Luc Dubois,1.5,14,NA,Sportsbet
Washington Capitals v Calgary Flames,Washington Capitals,Calgary Flames,Player Goals,Andrew Mangiapane,1.5,34,NA,Sportsbet
Columbus Blue Jackets v Dallas Stars,Columbus Blue Jackets,Dallas Stars,Player Goals,Jason Robertson,0.5,2.65,NA,Sportsbet
Columbus Blue Jackets v Dallas Stars,Columbus Blue Jackets,Dallas Stars,Player Goals,Matt Duchene,0.5,2.95,NA,Sportsbet
Columbus Blue Jackets v Dallas Stars,Columbus Blue Jackets,Dallas Stars,Player Goals,Wyatt Johnston,0.5,2.65,NA,Sportsbet
Columbus Blue Jackets v Dallas Stars,Columbus Blue Jackets,Dallas Stars,Player Goals,Roope Hintz,0.5,3.1,NA,Sportsbet
Columbus Blue Jackets v Dallas Stars,Columbus Blue Jackets,Dallas Stars,Player Goals,Evgenii Dadonov,0.5,4.4,NA,Sportsbet
Columbus Blue Jackets v Dallas Stars,Columbus Blue Jackets,Dallas Stars,Player Goals,Jamie Benn,0.5,4.3,NA,Sportsbet
Columbus Blue Jackets v Dallas Stars,Columbus Blue Jackets,Dallas Stars,Player Goals,Mason Marchment,0.5,4.75,NA,Sportsbet
Columbus Blue Jackets v Dallas Stars,Columbus Blue Jackets,Dallas Stars,Player Goals,Mavrik Bourque,0.5,4.8,NA,Sportsbet
Columbus Blue Jackets v Dallas Stars,Columbus Blue Jackets,Dallas Stars,Player Goals,Mikael Granlund,0.5,4.1,NA,Sportsbet
Columbus Blue Jackets v Dallas Stars,Columbus Blue Jackets,Dallas Stars,Player Goals,Thomas Harley,0.5,5.5,NA,Sportsbet
Columbus Blue Jackets v Dallas Stars,Columbus Blue Jackets,Dallas Stars,Player Goals,Colin Blackwell,0.5,6.25,NA,Sportsbet
Columbus Blue Jackets v Dallas Stars,Columbus Blue Jackets,Dallas Stars,Player Goals,Sam Steel,0.5,7.75,NA,Sportsbet
Columbus Blue Jackets v Dallas Stars,Columbus Blue Jackets,Dallas Stars,Player Goals,Oskar Back,0.5,8.5,NA,Sportsbet
Columbus Blue Jackets v Dallas Stars,Columbus Blue Jackets,Dallas Stars,Player Goals,Esa Lindell,0.5,9.5,NA,Sportsbet
Columbus Blue Jackets v Dallas Stars,Columbus Blue Jackets,Dallas Stars,Player Goals,Matt Dumba,0.5,13,NA,Sportsbet
Columbus Blue Jackets v Dallas Stars,Columbus Blue Jackets,Dallas Stars,Player Goals,Ilya Lyubushkin,0.5,14,NA,Sportsbet
Columbus Blue Jackets v Dallas Stars,Columbus Blue Jackets,Dallas Stars,Player Goals,Brendan Smith,0.5,17,NA,Sportsbet
Columbus Blue Jackets v Dallas Stars,Columbus Blue Jackets,Dallas Stars,Player Goals,Adam Fantilli,0.5,3.5,NA,Sportsbet
Columbus Blue Jackets v Dallas Stars,Columbus Blue Jackets,Dallas Stars,Player Goals,Boone Jenner,0.5,3.75,NA,Sportsbet
Columbus Blue Jackets v Dallas Stars,Columbus Blue Jackets,Dallas Stars,Player Goals,Dmitri Voronkov,0.5,3.5,NA,Sportsbet
Columbus Blue Jackets v Dallas Stars,Columbus Blue Jackets,Dallas Stars,Player Goals,Kent Johnson,0.5,3.75,NA,Sportsbet
Columbus Blue Jackets v Dallas Stars,Columbus Blue Jackets,Dallas Stars,Player Goals,Kirill Marchenko,0.5,3.45,NA,Sportsbet
Columbus Blue Jackets v Dallas Stars,Columbus Blue Jackets,Dallas Stars,Player Goals,Zach Werenski,0.5,4.7,NA,Sportsbet
Columbus Blue Jackets v Dallas Stars,Columbus Blue Jackets,Dallas Stars,Player Goals,Cole Sillinger,0.5,5.1,NA,Sportsbet
Columbus Blue Jackets v Dallas Stars,Columbus Blue Jackets,Dallas Stars,Player Goals,James van Riemsdyk,0.5,5.6,NA,Sportsbet
Columbus Blue Jackets v Dallas Stars,Columbus Blue Jackets,Dallas Stars,Player Goals,Ivan Provorov,0.5,7.25,NA,Sportsbet
Columbus Blue Jackets v Dallas Stars,Columbus Blue Jackets,Dallas Stars,Player Goals,Justin Danforth,0.5,7.75,NA,Sportsbet
Columbus Blue Jackets v Dallas Stars,Columbus Blue Jackets,Dallas Stars,Player Goals,Mathieu Olivier,0.5,7,NA,Sportsbet
Columbus Blue Jackets v Dallas Stars,Columbus Blue Jackets,Dallas Stars,Player Goals,Sean Kuraly,0.5,9.75,NA,Sportsbet
Columbus Blue Jackets v Dallas Stars,Columbus Blue Jackets,Dallas Stars,Player Goals,Zach Aston-Reese,0.5,9,NA,Sportsbet
Columbus Blue Jackets v Dallas Stars,Columbus Blue Jackets,Dallas Stars,Player Goals,Damon Severson,0.5,11,NA,Sportsbet
Columbus Blue Jackets v Dallas Stars,Columbus Blue Jackets,Dallas Stars,Player Goals,Denton Mateychuk,0.5,12,NA,Sportsbet
Columbus Blue Jackets v Dallas Stars,Columbus Blue Jackets,Dallas Stars,Player Goals,Dante Fabbro,0.5,13,NA,Sportsbet
Columbus Blue Jackets v Dallas Stars,Columbus Blue Jackets,Dallas Stars,Player Goals,Jake Christiansen,0.5,23,NA,Sportsbet
Columbus Blue Jackets v Dallas Stars,Columbus Blue Jackets,Dallas Stars,Player Goals,Jason Robertson,1.5,9.5,NA,Sportsbet
Columbus Blue Jackets v Dallas Stars,Columbus Blue Jackets,Dallas Stars,Player Goals,Wyatt Johnston,1.5,9.5,NA,Sportsbet
Columbus Blue Jackets v Dallas Stars,Columbus Blue Jackets,Dallas Stars,Player Goals,Matt Duchene,1.5,11,NA,Sportsbet
Columbus Blue Jackets v Dallas Stars,Columbus Blue Jackets,Dallas Stars,Player Goals,Roope Hintz,1.5,11,NA,Sportsbet
Columbus Blue Jackets v Dallas Stars,Columbus Blue Jackets,Dallas Stars,Player Goals,Evgenii Dadonov,1.5,17,NA,Sportsbet
Columbus Blue Jackets v Dallas Stars,Columbus Blue Jackets,Dallas Stars,Player Goals,Mikael Granlund,1.5,17,NA,Sportsbet
Columbus Blue Jackets v Dallas Stars,Columbus Blue Jackets,Dallas Stars,Player Goals,Jamie Benn,1.5,21,NA,Sportsbet
Columbus Blue Jackets v Dallas Stars,Columbus Blue Jackets,Dallas Stars,Player Goals,Mason Marchment,1.5,34,NA,Sportsbet
Columbus Blue Jackets v Dallas Stars,Columbus Blue Jackets,Dallas Stars,Player Goals,Mavrik Bourque,1.5,34,NA,Sportsbet
Columbus Blue Jackets v Dallas Stars,Columbus Blue Jackets,Dallas Stars,Player Goals,Thomas Harley,1.5,41,NA,Sportsbet
Columbus Blue Jackets v Dallas Stars,Columbus Blue Jackets,Dallas Stars,Player Goals,Adam Fantilli,1.5,13,NA,Sportsbet
Columbus Blue Jackets v Dallas Stars,Columbus Blue Jackets,Dallas Stars,Player Goals,Boone Jenner,1.5,13,NA,Sportsbet
Columbus Blue Jackets v Dallas Stars,Columbus Blue Jackets,Dallas Stars,Player Goals,Dmitri Voronkov,1.5,13,NA,Sportsbet
Columbus Blue Jackets v Dallas Stars,Columbus Blue Jackets,Dallas Stars,Player Goals,Kirill Marchenko,1.5,13,NA,Sportsbet
Columbus Blue Jackets v Dallas Stars,Columbus Blue Jackets,Dallas Stars,Player Goals,Kent Johnson,1.5,14,NA,Sportsbet
Columbus Blue Jackets v Dallas Stars,Columbus Blue Jackets,Dallas Stars,Player Goals,Zach Werenski,1.5,21,NA,Sportsbet
Columbus Blue Jackets v Dallas Stars,Columbus Blue Jackets,Dallas Stars,Player Goals,Cole Sillinger,1.5,34,NA,Sportsbet
Buffalo Sabres v Anaheim Ducks,Buffalo Sabres,Anaheim Ducks,Player Goals,Frank Vatrano,0.5,3.25,NA,Sportsbet
Buffalo Sabres v Anaheim Ducks,Buffalo Sabres,Anaheim Ducks,Player Goals,Mason McTavish,0.5,3.9,NA,Sportsbet
Buffalo Sabres v Anaheim Ducks,Buffalo Sabres,Anaheim Ducks,Player Goals,Troy Terry,0.5,3.25,NA,Sportsbet
Buffalo Sabres v Anaheim Ducks,Buffalo Sabres,Anaheim Ducks,Player Goals,Alex Killorn,0.5,4.3,NA,Sportsbet
Buffalo Sabres v Anaheim Ducks,Buffalo Sabres,Anaheim Ducks,Player Goals,Cutter Gauthier,0.5,4.6,NA,Sportsbet
Buffalo Sabres v Anaheim Ducks,Buffalo Sabres,Anaheim Ducks,Player Goals,Leo Carlsson,0.5,4.7,NA,Sportsbet
Buffalo Sabres v Anaheim Ducks,Buffalo Sabres,Anaheim Ducks,Player Goals,Robby Fabbri,0.5,4.8,NA,Sportsbet
Buffalo Sabres v Anaheim Ducks,Buffalo Sabres,Anaheim Ducks,Player Goals,Ryan Strome,0.5,4.6,NA,Sportsbet
Buffalo Sabres v Anaheim Ducks,Buffalo Sabres,Anaheim Ducks,Player Goals,Brett Leason,0.5,8,NA,Sportsbet
Buffalo Sabres v Anaheim Ducks,Buffalo Sabres,Anaheim Ducks,Player Goals,Isac Lundestrom,0.5,8.25,NA,Sportsbet
Buffalo Sabres v Anaheim Ducks,Buffalo Sabres,Anaheim Ducks,Player Goals,Jackson LaCombe,0.5,9.75,NA,Sportsbet
Buffalo Sabres v Anaheim Ducks,Buffalo Sabres,Anaheim Ducks,Player Goals,Olen Zellweger,0.5,10,NA,Sportsbet
Buffalo Sabres v Anaheim Ducks,Buffalo Sabres,Anaheim Ducks,Player Goals,Ross Johnston,0.5,10,NA,Sportsbet
Buffalo Sabres v Anaheim Ducks,Buffalo Sabres,Anaheim Ducks,Player Goals,Jansen Harkins,0.5,11,NA,Sportsbet
Buffalo Sabres v Anaheim Ducks,Buffalo Sabres,Anaheim Ducks,Player Goals,Jacob Trouba,0.5,14,NA,Sportsbet
Buffalo Sabres v Anaheim Ducks,Buffalo Sabres,Anaheim Ducks,Player Goals,Radko Gudas,0.5,14,NA,Sportsbet
Buffalo Sabres v Anaheim Ducks,Buffalo Sabres,Anaheim Ducks,Player Goals,Brian Dumoulin,0.5,15,NA,Sportsbet
Buffalo Sabres v Anaheim Ducks,Buffalo Sabres,Anaheim Ducks,Player Goals,Drew Helleson,0.5,16,NA,Sportsbet
Buffalo Sabres v Anaheim Ducks,Buffalo Sabres,Anaheim Ducks,Player Goals,Tage Thompson,0.5,2.4,NA,Sportsbet
Buffalo Sabres v Anaheim Ducks,Buffalo Sabres,Anaheim Ducks,Player Goals,Alex Tuch,0.5,3,NA,Sportsbet
Buffalo Sabres v Anaheim Ducks,Buffalo Sabres,Anaheim Ducks,Player Goals,Jason Zucker,0.5,3.35,NA,Sportsbet
Buffalo Sabres v Anaheim Ducks,Buffalo Sabres,Anaheim Ducks,Player Goals,Jiri Kulich,0.5,3.9,NA,Sportsbet
Buffalo Sabres v Anaheim Ducks,Buffalo Sabres,Anaheim Ducks,Player Goals,JJ Peterka,0.5,3.15,NA,Sportsbet
Buffalo Sabres v Anaheim Ducks,Buffalo Sabres,Anaheim Ducks,Player Goals,Dylan Cozens,0.5,4,NA,Sportsbet
Buffalo Sabres v Anaheim Ducks,Buffalo Sabres,Anaheim Ducks,Player Goals,Jack Quinn,0.5,4.4,NA,Sportsbet
Buffalo Sabres v Anaheim Ducks,Buffalo Sabres,Anaheim Ducks,Player Goals,Ryan McLeod,0.5,4.8,NA,Sportsbet
Buffalo Sabres v Anaheim Ducks,Buffalo Sabres,Anaheim Ducks,Player Goals,Rasmus Dahlin,0.5,5.2,NA,Sportsbet
Buffalo Sabres v Anaheim Ducks,Buffalo Sabres,Anaheim Ducks,Player Goals,Zach Benson,0.5,5.3,NA,Sportsbet
Buffalo Sabres v Anaheim Ducks,Buffalo Sabres,Anaheim Ducks,Player Goals,Jordan Greenway,0.5,6.25,NA,Sportsbet
Buffalo Sabres v Anaheim Ducks,Buffalo Sabres,Anaheim Ducks,Player Goals,Peyton Krebs,0.5,7.5,NA,Sportsbet
Buffalo Sabres v Anaheim Ducks,Buffalo Sabres,Anaheim Ducks,Player Goals,Beck Malenstyn,0.5,8.25,NA,Sportsbet
Buffalo Sabres v Anaheim Ducks,Buffalo Sabres,Anaheim Ducks,Player Goals,Owen Power,0.5,8,NA,Sportsbet
Buffalo Sabres v Anaheim Ducks,Buffalo Sabres,Anaheim Ducks,Player Goals,Bowen Byram,0.5,10.5,NA,Sportsbet
Buffalo Sabres v Anaheim Ducks,Buffalo Sabres,Anaheim Ducks,Player Goals,Mattias Samuelsson,0.5,12,NA,Sportsbet
Buffalo Sabres v Anaheim Ducks,Buffalo Sabres,Anaheim Ducks,Player Goals,Dennis Gilbert,0.5,16,NA,Sportsbet
Buffalo Sabres v Anaheim Ducks,Buffalo Sabres,Anaheim Ducks,Player Goals,Henri Jokiharju,0.5,18,NA,Sportsbet
Buffalo Sabres v Anaheim Ducks,Buffalo Sabres,Anaheim Ducks,Player Goals,Frank Vatrano,1.5,12,NA,Sportsbet
Buffalo Sabres v Anaheim Ducks,Buffalo Sabres,Anaheim Ducks,Player Goals,Troy Terry,1.5,12,NA,Sportsbet
Buffalo Sabres v Anaheim Ducks,Buffalo Sabres,Anaheim Ducks,Player Goals,Mason McTavish,1.5,14,NA,Sportsbet
Buffalo Sabres v Anaheim Ducks,Buffalo Sabres,Anaheim Ducks,Player Goals,Alex Killorn,1.5,17,NA,Sportsbet
Buffalo Sabres v Anaheim Ducks,Buffalo Sabres,Anaheim Ducks,Player Goals,Ryan Strome,1.5,17,NA,Sportsbet
Buffalo Sabres v Anaheim Ducks,Buffalo Sabres,Anaheim Ducks,Player Goals,Cutter Gauthier,1.5,34,NA,Sportsbet
Buffalo Sabres v Anaheim Ducks,Buffalo Sabres,Anaheim Ducks,Player Goals,Leo Carlsson,1.5,34,NA,Sportsbet
Buffalo Sabres v Anaheim Ducks,Buffalo Sabres,Anaheim Ducks,Player Goals,Robby Fabbri,1.5,34,NA,Sportsbet
Buffalo Sabres v Anaheim Ducks,Buffalo Sabres,Anaheim Ducks,Player Goals,Tage Thompson,1.5,8.5,NA,Sportsbet
Buffalo Sabres v Anaheim Ducks,Buffalo Sabres,Anaheim Ducks,Player Goals,Alex Tuch,1.5,11,NA,Sportsbet
Buffalo Sabres v Anaheim Ducks,Buffalo Sabres,Anaheim Ducks,Player Goals,JJ Peterka,1.5,12,NA,Sportsbet
Buffalo Sabres v Anaheim Ducks,Buffalo Sabres,Anaheim Ducks,Player Goals,Jason Zucker,1.5,13,NA,Sportsbet
Buffalo Sabres v Anaheim Ducks,Buffalo Sabres,Anaheim Ducks,Player Goals,Jiri Kulich,1.5,14,NA,Sportsbet
Buffalo Sabres v Anaheim Ducks,Buffalo Sabres,Anaheim Ducks,Player Goals,Dylan Cozens,1.5,15,NA,Sportsbet
Buffalo Sabres v Anaheim Ducks,Buffalo Sabres,Anaheim Ducks,Player Goals,Jack Quinn,1.5,17,NA,Sportsbet
Buffalo Sabres v Anaheim Ducks,Buffalo Sabres,Anaheim Ducks,Player Goals,Ryan McLeod,1.5,21,NA,Sportsbet
Buffalo Sabres v Anaheim Ducks,Buffalo Sabres,Anaheim Ducks,Player Goals,Zach Benson,1.5,34,NA,Sportsbet
Buffalo Sabres v Anaheim Ducks,Buffalo Sabres,Anaheim Ducks,Player Goals,Rasmus Dahlin,1.5,41,NA,Sportsbet
New York Islanders v New York Rangers,New York Islanders,New York Rangers,Player Goals,Artemi Panarin,0.5,2.7,NA,Sportsbet
New York Islanders v New York Rangers,New York Islanders,New York Rangers,Player Goals,J.T. Miller,0.5,3.35,NA,Sportsbet
New York Islanders v New York Rangers,New York Islanders,New York Rangers,Player Goals,Mika Zibanejad,0.5,3.45,NA,Sportsbet
New York Islanders v New York Rangers,New York Islanders,New York Rangers,Player Goals,Vincent Trocheck,0.5,3.7,NA,Sportsbet
New York Islanders v New York Rangers,New York Islanders,New York Rangers,Player Goals,Alexis Lafreniere,0.5,4.1,NA,Sportsbet
New York Islanders v New York Rangers,New York Islanders,New York Rangers,Player Goals,Will Cuylle,0.5,4.4,NA,Sportsbet
New York Islanders v New York Rangers,New York Islanders,New York Rangers,Player Goals,Arthur Kaliyev,0.5,5.6,NA,Sportsbet
New York Islanders v New York Rangers,New York Islanders,New York Rangers,Player Goals,Reilly Smith,0.5,5.1,NA,Sportsbet
New York Islanders v New York Rangers,New York Islanders,New York Rangers,Player Goals,Jimmy Vesey,0.5,6.25,NA,Sportsbet
New York Islanders v New York Rangers,New York Islanders,New York Rangers,Player Goals,Jonny Brodzinski,0.5,6.25,NA,Sportsbet
New York Islanders v New York Rangers,New York Islanders,New York Rangers,Player Goals,Adam Fox,0.5,7.5,NA,Sportsbet
New York Islanders v New York Rangers,New York Islanders,New York Rangers,Player Goals,K'Andre Miller,0.5,8.75,NA,Sportsbet
New York Islanders v New York Rangers,New York Islanders,New York Rangers,Player Goals,Sam Carrick,0.5,8,NA,Sportsbet
New York Islanders v New York Rangers,New York Islanders,New York Rangers,Player Goals,Matt Rempe,0.5,10.5,NA,Sportsbet
New York Islanders v New York Rangers,New York Islanders,New York Rangers,Player Goals,Ryan Lindgren,0.5,14,NA,Sportsbet
New York Islanders v New York Rangers,New York Islanders,New York Rangers,Player Goals,Will Borgen,0.5,14,NA,Sportsbet
New York Islanders v New York Rangers,New York Islanders,New York Rangers,Player Goals,Braden Schneider,0.5,15,NA,Sportsbet
New York Islanders v New York Rangers,New York Islanders,New York Rangers,Player Goals,Urho Vaakanainen,0.5,17,NA,Sportsbet
New York Islanders v New York Rangers,New York Islanders,New York Rangers,Player Goals,Anders Lee,0.5,2.8,NA,Sportsbet
New York Islanders v New York Rangers,New York Islanders,New York Rangers,Player Goals,Bo Horvat,0.5,2.8,NA,Sportsbet
New York Islanders v New York Rangers,New York Islanders,New York Rangers,Player Goals,Brock Nelson,0.5,3.25,NA,Sportsbet
New York Islanders v New York Rangers,New York Islanders,New York Rangers,Player Goals,Kyle Palmieri,0.5,3.6,NA,Sportsbet
New York Islanders v New York Rangers,New York Islanders,New York Rangers,Player Goals,Anthony Duclair,0.5,4.6,NA,Sportsbet
New York Islanders v New York Rangers,New York Islanders,New York Rangers,Player Goals,Maxim Tsyplakov,0.5,4.6,NA,Sportsbet
New York Islanders v New York Rangers,New York Islanders,New York Rangers,Player Goals,Jean-Gabriel Pageau,0.5,5.5,NA,Sportsbet
New York Islanders v New York Rangers,New York Islanders,New York Rangers,Player Goals,Simon Holmstrom,0.5,5.7,NA,Sportsbet
New York Islanders v New York Rangers,New York Islanders,New York Rangers,Player Goals,Tony DeAngelo,0.5,7.75,NA,Sportsbet
New York Islanders v New York Rangers,New York Islanders,New York Rangers,Player Goals,Casey Cizikas,0.5,8.25,NA,Sportsbet
New York Islanders v New York Rangers,New York Islanders,New York Rangers,Player Goals,Pierre Engvall,0.5,9,NA,Sportsbet
New York Islanders v New York Rangers,New York Islanders,New York Rangers,Player Goals,Kyle MacLean,0.5,10.5,NA,Sportsbet
New York Islanders v New York Rangers,New York Islanders,New York Rangers,Player Goals,Marc Gatcomb,0.5,10,NA,Sportsbet
New York Islanders v New York Rangers,New York Islanders,New York Rangers,Player Goals,Ryan Pulock,0.5,10,NA,Sportsbet
New York Islanders v New York Rangers,New York Islanders,New York Rangers,Player Goals,Alexander Romanov,0.5,11.5,NA,Sportsbet
New York Islanders v New York Rangers,New York Islanders,New York Rangers,Player Goals,Scott Perunovich,0.5,12,NA,Sportsbet
New York Islanders v New York Rangers,New York Islanders,New York Rangers,Player Goals,Adam Pelech,0.5,14,NA,Sportsbet
New York Islanders v New York Rangers,New York Islanders,New York Rangers,Player Goals,Scott Mayfield,0.5,16,NA,Sportsbet
New York Islanders v New York Rangers,New York Islanders,New York Rangers,Player Goals,Artemi Panarin,1.5,10,NA,Sportsbet
New York Islanders v New York Rangers,New York Islanders,New York Rangers,Player Goals,J.T. Miller,1.5,13,NA,Sportsbet
New York Islanders v New York Rangers,New York Islanders,New York Rangers,Player Goals,Mika Zibanejad,1.5,13,NA,Sportsbet
New York Islanders v New York Rangers,New York Islanders,New York Rangers,Player Goals,Vincent Trocheck,1.5,13,NA,Sportsbet
New York Islanders v New York Rangers,New York Islanders,New York Rangers,Player Goals,Alexis Lafreniere,1.5,14,NA,Sportsbet
New York Islanders v New York Rangers,New York Islanders,New York Rangers,Player Goals,Will Cuylle,1.5,21,NA,Sportsbet
New York Islanders v New York Rangers,New York Islanders,New York Rangers,Player Goals,Reilly Smith,1.5,34,NA,Sportsbet
New York Islanders v New York Rangers,New York Islanders,New York Rangers,Player Goals,Arthur Kaliyev,1.5,41,NA,Sportsbet
New York Islanders v New York Rangers,New York Islanders,New York Rangers,Player Goals,Anders Lee,1.5,10,NA,Sportsbet
New York Islanders v New York Rangers,New York Islanders,New York Rangers,Player Goals,Bo Horvat,1.5,10,NA,Sportsbet
New York Islanders v New York Rangers,New York Islanders,New York Rangers,Player Goals,Brock Nelson,1.5,12,NA,Sportsbet
New York Islanders v New York Rangers,New York Islanders,New York Rangers,Player Goals,Kyle Palmieri,1.5,13,NA,Sportsbet
New York Islanders v New York Rangers,New York Islanders,New York Rangers,Player Goals,Anthony Duclair,1.5,34,NA,Sportsbet
New York Islanders v New York Rangers,New York Islanders,New York Rangers,Player Goals,Maxim Tsyplakov,1.5,34,NA,Sportsbet
New York Islanders v New York Rangers,New York Islanders,New York Rangers,Player Goals,Jean-Gabriel Pageau,1.5,41,NA,Sportsbet
New York Islanders v New York Rangers,New York Islanders,New York Rangers,Player Goals,Simon Holmstrom,1.5,41,NA,Sportsbet
Tampa Bay Lightning v Edmonton Oilers,Tampa Bay Lightning,Edmonton Oilers,Player Goals,Connor McDavid,0.5,2.55,NA,Sportsbet
Tampa Bay Lightning v Edmonton Oilers,Tampa Bay Lightning,Edmonton Oilers,Player Goals,Leon Draisaitl,0.5,2.35,NA,Sportsbet
Tampa Bay Lightning v Edmonton Oilers,Tampa Bay Lightning,Edmonton Oilers,Player Goals,Zach Hyman,0.5,2.75,NA,Sportsbet
Tampa Bay Lightning v Edmonton Oilers,Tampa Bay Lightning,Edmonton Oilers,Player Goals,Ryan Nugent-Hopkins,0.5,4,NA,Sportsbet
Tampa Bay Lightning v Edmonton Oilers,Tampa Bay Lightning,Edmonton Oilers,Player Goals,Adam Henrique,0.5,5.4,NA,Sportsbet
Tampa Bay Lightning v Edmonton Oilers,Tampa Bay Lightning,Edmonton Oilers,Player Goals,Evan Bouchard,0.5,5.6,NA,Sportsbet
Tampa Bay Lightning v Edmonton Oilers,Tampa Bay Lightning,Edmonton Oilers,Player Goals,Jeff Skinner,0.5,5.25,NA,Sportsbet
Tampa Bay Lightning v Edmonton Oilers,Tampa Bay Lightning,Edmonton Oilers,Player Goals,Matt Savoie,0.5,5.1,NA,Sportsbet
Tampa Bay Lightning v Edmonton Oilers,Tampa Bay Lightning,Edmonton Oilers,Player Goals,Viktor Arvidsson,0.5,5.5,NA,Sportsbet
Tampa Bay Lightning v Edmonton Oilers,Tampa Bay Lightning,Edmonton Oilers,Player Goals,Corey Perry,0.5,6,NA,Sportsbet
Tampa Bay Lightning v Edmonton Oilers,Tampa Bay Lightning,Edmonton Oilers,Player Goals,Kasperi Kapanen,0.5,6.25,NA,Sportsbet
Tampa Bay Lightning v Edmonton Oilers,Tampa Bay Lightning,Edmonton Oilers,Player Goals,Vasily Podkolzin,0.5,7,NA,Sportsbet
Tampa Bay Lightning v Edmonton Oilers,Tampa Bay Lightning,Edmonton Oilers,Player Goals,Connor Brown,0.5,8,NA,Sportsbet
Tampa Bay Lightning v Edmonton Oilers,Tampa Bay Lightning,Edmonton Oilers,Player Goals,Mattias Ekholm,0.5,9,NA,Sportsbet
Tampa Bay Lightning v Edmonton Oilers,Tampa Bay Lightning,Edmonton Oilers,Player Goals,Darnell Nurse,0.5,12,NA,Sportsbet
Tampa Bay Lightning v Edmonton Oilers,Tampa Bay Lightning,Edmonton Oilers,Player Goals,John Klingberg,0.5,14,NA,Sportsbet
Tampa Bay Lightning v Edmonton Oilers,Tampa Bay Lightning,Edmonton Oilers,Player Goals,Brayden Point,0.5,2.55,NA,Sportsbet
Tampa Bay Lightning v Edmonton Oilers,Tampa Bay Lightning,Edmonton Oilers,Player Goals,Jake Guentzel,0.5,2.55,NA,Sportsbet
Tampa Bay Lightning v Edmonton Oilers,Tampa Bay Lightning,Edmonton Oilers,Player Goals,Nikita Kucherov,0.5,2.55,NA,Sportsbet
Tampa Bay Lightning v Edmonton Oilers,Tampa Bay Lightning,Edmonton Oilers,Player Goals,Brandon Hagel,0.5,3.15,NA,Sportsbet
Tampa Bay Lightning v Edmonton Oilers,Tampa Bay Lightning,Edmonton Oilers,Player Goals,Anthony Cirelli,0.5,4,NA,Sportsbet
Tampa Bay Lightning v Edmonton Oilers,Tampa Bay Lightning,Edmonton Oilers,Player Goals,Nicholas Paul,0.5,4.9,NA,Sportsbet
Tampa Bay Lightning v Edmonton Oilers,Tampa Bay Lightning,Edmonton Oilers,Player Goals,Cam Atkinson,0.5,6,NA,Sportsbet
Tampa Bay Lightning v Edmonton Oilers,Tampa Bay Lightning,Edmonton Oilers,Player Goals,Mitchell Chaffee,0.5,6,NA,Sportsbet
Tampa Bay Lightning v Edmonton Oilers,Tampa Bay Lightning,Edmonton Oilers,Player Goals,Victor Hedman,0.5,6.5,NA,Sportsbet
Tampa Bay Lightning v Edmonton Oilers,Tampa Bay Lightning,Edmonton Oilers,Player Goals,Zemgus Girgensons,0.5,6.75,NA,Sportsbet
Tampa Bay Lightning v Edmonton Oilers,Tampa Bay Lightning,Edmonton Oilers,Player Goals,Gage Goncalves,0.5,7.75,NA,Sportsbet
Tampa Bay Lightning v Edmonton Oilers,Tampa Bay Lightning,Edmonton Oilers,Player Goals,Michael Eyssimont,0.5,8.25,NA,Sportsbet
Tampa Bay Lightning v Edmonton Oilers,Tampa Bay Lightning,Edmonton Oilers,Player Goals,Luke Glendening,0.5,11.5,NA,Sportsbet
Tampa Bay Lightning v Edmonton Oilers,Tampa Bay Lightning,Edmonton Oilers,Player Goals,Darren Raddysh,0.5,12,NA,Sportsbet
Tampa Bay Lightning v Edmonton Oilers,Tampa Bay Lightning,Edmonton Oilers,Player Goals,J.J. Moser,0.5,12.5,NA,Sportsbet
Tampa Bay Lightning v Edmonton Oilers,Tampa Bay Lightning,Edmonton Oilers,Player Goals,Ryan McDonagh,0.5,12,NA,Sportsbet
Tampa Bay Lightning v Edmonton Oilers,Tampa Bay Lightning,Edmonton Oilers,Player Goals,Erik Cernak,0.5,16,NA,Sportsbet
Tampa Bay Lightning v Edmonton Oilers,Tampa Bay Lightning,Edmonton Oilers,Player Goals,Leon Draisaitl,1.5,8,NA,Sportsbet
Tampa Bay Lightning v Edmonton Oilers,Tampa Bay Lightning,Edmonton Oilers,Player Goals,Connor McDavid,1.5,9.5,NA,Sportsbet
Tampa Bay Lightning v Edmonton Oilers,Tampa Bay Lightning,Edmonton Oilers,Player Goals,Zach Hyman,1.5,10,NA,Sportsbet
Tampa Bay Lightning v Edmonton Oilers,Tampa Bay Lightning,Edmonton Oilers,Player Goals,Ryan Nugent-Hopkins,1.5,15,NA,Sportsbet
Tampa Bay Lightning v Edmonton Oilers,Tampa Bay Lightning,Edmonton Oilers,Player Goals,Adam Henrique,1.5,41,NA,Sportsbet
Tampa Bay Lightning v Edmonton Oilers,Tampa Bay Lightning,Edmonton Oilers,Player Goals,Evan Bouchard,1.5,41,NA,Sportsbet
Tampa Bay Lightning v Edmonton Oilers,Tampa Bay Lightning,Edmonton Oilers,Player Goals,Jeff Skinner,1.5,41,NA,Sportsbet
Tampa Bay Lightning v Edmonton Oilers,Tampa Bay Lightning,Edmonton Oilers,Player Goals,Matt Savoie,1.5,41,NA,Sportsbet
Tampa Bay Lightning v Edmonton Oilers,Tampa Bay Lightning,Edmonton Oilers,Player Goals,Viktor Arvidsson,1.5,41,NA,Sportsbet
Tampa Bay Lightning v Edmonton Oilers,Tampa Bay Lightning,Edmonton Oilers,Player Goals,Brayden Point,1.5,9.5,NA,Sportsbet
Tampa Bay Lightning v Edmonton Oilers,Tampa Bay Lightning,Edmonton Oilers,Player Goals,Jake Guentzel,1.5,9.5,NA,Sportsbet
Tampa Bay Lightning v Edmonton Oilers,Tampa Bay Lightning,Edmonton Oilers,Player Goals,Nikita Kucherov,1.5,9.5,NA,Sportsbet
Tampa Bay Lightning v Edmonton Oilers,Tampa Bay Lightning,Edmonton Oilers,Player Goals,Brandon Hagel,1.5,12,NA,Sportsbet
Tampa Bay Lightning v Edmonton Oilers,Tampa Bay Lightning,Edmonton Oilers,Player Goals,Anthony Cirelli,1.5,14,NA,Sportsbet
Tampa Bay Lightning v Edmonton Oilers,Tampa Bay Lightning,Edmonton Oilers,Player Goals,Nicholas Paul,1.5,34,NA,Sportsbet
Nashville Predators v Florida Panthers,Nashville Predators,Florida Panthers,Player Goals,Aleksander Barkov,0.5,2.6,NA,Sportsbet
Nashville Predators v Florida Panthers,Nashville Predators,Florida Panthers,Player Goals,Carter Verhaeghe,0.5,2.85,NA,Sportsbet
Nashville Predators v Florida Panthers,Nashville Predators,Florida Panthers,Player Goals,Sam Reinhart,0.5,2.3,NA,Sportsbet
Nashville Predators v Florida Panthers,Nashville Predators,Florida Panthers,Player Goals,Sam Bennett,0.5,3.3,NA,Sportsbet
Nashville Predators v Florida Panthers,Nashville Predators,Florida Panthers,Player Goals,Evan Rodrigues,0.5,4.3,NA,Sportsbet
Nashville Predators v Florida Panthers,Nashville Predators,Florida Panthers,Player Goals,Mackie Samoskevich,0.5,4.9,NA,Sportsbet
Nashville Predators v Florida Panthers,Nashville Predators,Florida Panthers,Player Goals,Anton Lundell,0.5,5.25,NA,Sportsbet
Nashville Predators v Florida Panthers,Nashville Predators,Florida Panthers,Player Goals,Jesper Boqvist,0.5,5.4,NA,Sportsbet
Nashville Predators v Florida Panthers,Nashville Predators,Florida Panthers,Player Goals,Aaron Ekblad,0.5,7.25,NA,Sportsbet
Nashville Predators v Florida Panthers,Nashville Predators,Florida Panthers,Player Goals,A.J. Greer,0.5,8,NA,Sportsbet
Nashville Predators v Florida Panthers,Nashville Predators,Florida Panthers,Player Goals,Gustav Forsling,0.5,9,NA,Sportsbet
Nashville Predators v Florida Panthers,Nashville Predators,Florida Panthers,Player Goals,Justin Sourdif,0.5,9.5,NA,Sportsbet
Nashville Predators v Florida Panthers,Nashville Predators,Florida Panthers,Player Goals,Tomas Nosek,0.5,9.25,NA,Sportsbet
Nashville Predators v Florida Panthers,Nashville Predators,Florida Panthers,Player Goals,Jonah Gadjovich,0.5,10.5,NA,Sportsbet
Nashville Predators v Florida Panthers,Nashville Predators,Florida Panthers,Player Goals,Nate Schmidt,0.5,12,NA,Sportsbet
Nashville Predators v Florida Panthers,Nashville Predators,Florida Panthers,Player Goals,Niko Mikkola,0.5,14,NA,Sportsbet
Nashville Predators v Florida Panthers,Nashville Predators,Florida Panthers,Player Goals,Dmitry Kulikov,0.5,19,NA,Sportsbet
Nashville Predators v Florida Panthers,Nashville Predators,Florida Panthers,Player Goals,Uvis Balinskis,0.5,19,NA,Sportsbet
Nashville Predators v Florida Panthers,Nashville Predators,Florida Panthers,Player Goals,Filip Forsberg,0.5,2.8,NA,Sportsbet
Nashville Predators v Florida Panthers,Nashville Predators,Florida Panthers,Player Goals,Jonathan Marchessault,0.5,3.3,NA,Sportsbet
Nashville Predators v Florida Panthers,Nashville Predators,Florida Panthers,Player Goals,Steven Stamkos,0.5,3.25,NA,Sportsbet
Nashville Predators v Florida Panthers,Nashville Predators,Florida Panthers,Player Goals,Gustav Nyquist,0.5,4.9,NA,Sportsbet
Nashville Predators v Florida Panthers,Nashville Predators,Florida Panthers,Player Goals,Ryan O'Reilly,0.5,4,NA,Sportsbet
Nashville Predators v Florida Panthers,Nashville Predators,Florida Panthers,Player Goals,Fedor Svechkov,0.5,5.6,NA,Sportsbet
Nashville Predators v Florida Panthers,Nashville Predators,Florida Panthers,Player Goals,Tommy Novak,0.5,5.5,NA,Sportsbet
Nashville Predators v Florida Panthers,Nashville Predators,Florida Panthers,Player Goals,Luke Evangelista,0.5,6,NA,Sportsbet
Nashville Predators v Florida Panthers,Nashville Predators,Florida Panthers,Player Goals,Roman Josi,0.5,6,NA,Sportsbet
Nashville Predators v Florida Panthers,Nashville Predators,Florida Panthers,Player Goals,Brady Skjei,0.5,7.25,NA,Sportsbet
Nashville Predators v Florida Panthers,Nashville Predators,Florida Panthers,Player Goals,Colton Sissons,0.5,7.5,NA,Sportsbet
Nashville Predators v Florida Panthers,Nashville Predators,Florida Panthers,Player Goals,Mark Jankowski,0.5,8.25,NA,Sportsbet
Nashville Predators v Florida Panthers,Nashville Predators,Florida Panthers,Player Goals,Cole Smith,0.5,9.5,NA,Sportsbet
Nashville Predators v Florida Panthers,Nashville Predators,Florida Panthers,Player Goals,Michael McCarron,0.5,10,NA,Sportsbet
Nashville Predators v Florida Panthers,Nashville Predators,Florida Panthers,Player Goals,Nick Blankenburg,0.5,13,NA,Sportsbet
Nashville Predators v Florida Panthers,Nashville Predators,Florida Panthers,Player Goals,Justin Barron,0.5,15,NA,Sportsbet
Nashville Predators v Florida Panthers,Nashville Predators,Florida Panthers,Player Goals,Luke Schenn,0.5,18,NA,Sportsbet
Nashville Predators v Florida Panthers,Nashville Predators,Florida Panthers,Player Goals,Sam Reinhart,1.5,8,NA,Sportsbet
Nashville Predators v Florida Panthers,Nashville Predators,Florida Panthers,Player Goals,Aleksander Barkov,1.5,9.5,NA,Sportsbet
Nashville Predators v Florida Panthers,Nashville Predators,Florida Panthers,Player Goals,Carter Verhaeghe,1.5,11,NA,Sportsbet
Nashville Predators v Florida Panthers,Nashville Predators,Florida Panthers,Player Goals,Sam Bennett,1.5,12,NA,Sportsbet
Nashville Predators v Florida Panthers,Nashville Predators,Florida Panthers,Player Goals,Evan Rodrigues,1.5,15,NA,Sportsbet
Nashville Predators v Florida Panthers,Nashville Predators,Florida Panthers,Player Goals,Anton Lundell,1.5,41,NA,Sportsbet
Nashville Predators v Florida Panthers,Nashville Predators,Florida Panthers,Player Goals,Jesper Boqvist,1.5,41,NA,Sportsbet
Nashville Predators v Florida Panthers,Nashville Predators,Florida Panthers,Player Goals,Mackie Samoskevich,1.5,41,NA,Sportsbet
Nashville Predators v Florida Panthers,Nashville Predators,Florida Panthers,Player Goals,Filip Forsberg,1.5,9.5,NA,Sportsbet
Nashville Predators v Florida Panthers,Nashville Predators,Florida Panthers,Player Goals,Jonathan Marchessault,1.5,12,NA,Sportsbet
Nashville Predators v Florida Panthers,Nashville Predators,Florida Panthers,Player Goals,Steven Stamkos,1.5,12,NA,Sportsbet
Nashville Predators v Florida Panthers,Nashville Predators,Florida Panthers,Player Goals,Ryan O'Reilly,1.5,13,NA,Sportsbet
Nashville Predators v Florida Panthers,Nashville Predators,Florida Panthers,Player Goals,Gustav Nyquist,1.5,34,NA,Sportsbet
Nashville Predators v Florida Panthers,Nashville Predators,Florida Panthers,Player Goals,Fedor Svechkov,1.5,41,NA,Sportsbet
Nashville Predators v Florida Panthers,Nashville Predators,Florida Panthers,Player Goals,Roman Josi,1.5,41,NA,Sportsbet
Nashville Predators v Florida Panthers,Nashville Predators,Florida Panthers,Player Goals,Tommy Novak,1.5,41,NA,Sportsbet
Minnesota Wild v Detroit Red Wings,Minnesota Wild,Detroit Red Wings,Player Goals,Dylan Larkin,0.5,2.75,NA,Sportsbet
Minnesota Wild v Detroit Red Wings,Minnesota Wild,Detroit Red Wings,Player Goals,Alex DeBrincat,0.5,3.15,NA,Sportsbet
Minnesota Wild v Detroit Red Wings,Minnesota Wild,Detroit Red Wings,Player Goals,Lucas Raymond,0.5,3.3,NA,Sportsbet
Minnesota Wild v Detroit Red Wings,Minnesota Wild,Detroit Red Wings,Player Goals,Marco Kasper,0.5,4.75,NA,Sportsbet
Minnesota Wild v Detroit Red Wings,Minnesota Wild,Detroit Red Wings,Player Goals,Patrick Kane,0.5,4.1,NA,Sportsbet
Minnesota Wild v Detroit Red Wings,Minnesota Wild,Detroit Red Wings,Player Goals,Vladimir Tarasenko,0.5,4.5,NA,Sportsbet
Minnesota Wild v Detroit Red Wings,Minnesota Wild,Detroit Red Wings,Player Goals,J.T. Compher,0.5,5.8,NA,Sportsbet
Minnesota Wild v Detroit Red Wings,Minnesota Wild,Detroit Red Wings,Player Goals,Elmer Soderblom,0.5,6.25,NA,Sportsbet
Minnesota Wild v Detroit Red Wings,Minnesota Wild,Detroit Red Wings,Player Goals,Jonatan Berggren,0.5,6.75,NA,Sportsbet
Minnesota Wild v Detroit Red Wings,Minnesota Wild,Detroit Red Wings,Player Goals,Joe Veleno,0.5,7.25,NA,Sportsbet
Minnesota Wild v Detroit Red Wings,Minnesota Wild,Detroit Red Wings,Player Goals,Moritz Seider,0.5,7.25,NA,Sportsbet
Minnesota Wild v Detroit Red Wings,Minnesota Wild,Detroit Red Wings,Player Goals,Christian Fischer,0.5,10.5,NA,Sportsbet
Minnesota Wild v Detroit Red Wings,Minnesota Wild,Detroit Red Wings,Player Goals,Erik Gustafsson,0.5,11.5,NA,Sportsbet
Minnesota Wild v Detroit Red Wings,Minnesota Wild,Detroit Red Wings,Player Goals,Simon Edvinsson,0.5,11,NA,Sportsbet
Minnesota Wild v Detroit Red Wings,Minnesota Wild,Detroit Red Wings,Player Goals,Tyler Motte,0.5,11,NA,Sportsbet
Minnesota Wild v Detroit Red Wings,Minnesota Wild,Detroit Red Wings,Player Goals,Ben Chiarot,0.5,14,NA,Sportsbet
Minnesota Wild v Detroit Red Wings,Minnesota Wild,Detroit Red Wings,Player Goals,Albert Johansson,0.5,18,NA,Sportsbet
Minnesota Wild v Detroit Red Wings,Minnesota Wild,Detroit Red Wings,Player Goals,Matt Boldy,0.5,2.5,NA,Sportsbet
Minnesota Wild v Detroit Red Wings,Minnesota Wild,Detroit Red Wings,Player Goals,Joel Eriksson Ek,0.5,3.2,NA,Sportsbet
Minnesota Wild v Detroit Red Wings,Minnesota Wild,Detroit Red Wings,Player Goals,Marco Rossi,0.5,3.45,NA,Sportsbet
Minnesota Wild v Detroit Red Wings,Minnesota Wild,Detroit Red Wings,Player Goals,Mats Zuccarello,0.5,3.25,NA,Sportsbet
Minnesota Wild v Detroit Red Wings,Minnesota Wild,Detroit Red Wings,Player Goals,Marcus Johansson,0.5,4.5,NA,Sportsbet
Minnesota Wild v Detroit Red Wings,Minnesota Wild,Detroit Red Wings,Player Goals,Frederick Gaudreau,0.5,5,NA,Sportsbet
Minnesota Wild v Detroit Red Wings,Minnesota Wild,Detroit Red Wings,Player Goals,Liam Ohgren,0.5,5.6,NA,Sportsbet
Minnesota Wild v Detroit Red Wings,Minnesota Wild,Detroit Red Wings,Player Goals,Marcus Foligno,0.5,5.2,NA,Sportsbet
Minnesota Wild v Detroit Red Wings,Minnesota Wild,Detroit Red Wings,Player Goals,Jared Spurgeon,0.5,6.25,NA,Sportsbet
Minnesota Wild v Detroit Red Wings,Minnesota Wild,Detroit Red Wings,Player Goals,Yakov Trenin,0.5,6,NA,Sportsbet
Minnesota Wild v Detroit Red Wings,Minnesota Wild,Detroit Red Wings,Player Goals,Brock Faber,0.5,7,NA,Sportsbet
Minnesota Wild v Detroit Red Wings,Minnesota Wild,Detroit Red Wings,Player Goals,Jake Middleton,0.5,7.5,NA,Sportsbet
Minnesota Wild v Detroit Red Wings,Minnesota Wild,Detroit Red Wings,Player Goals,Marat Khusnutdinov,0.5,7.75,NA,Sportsbet
Minnesota Wild v Detroit Red Wings,Minnesota Wild,Detroit Red Wings,Player Goals,Jakub Lauko,0.5,9.25,NA,Sportsbet
Minnesota Wild v Detroit Red Wings,Minnesota Wild,Detroit Red Wings,Player Goals,Jonas Brodin,0.5,9.25,NA,Sportsbet
Minnesota Wild v Detroit Red Wings,Minnesota Wild,Detroit Red Wings,Player Goals,Zach Bogosian,0.5,10,NA,Sportsbet
Minnesota Wild v Detroit Red Wings,Minnesota Wild,Detroit Red Wings,Player Goals,Jon Merrill,0.5,14,NA,Sportsbet
Minnesota Wild v Detroit Red Wings,Minnesota Wild,Detroit Red Wings,Player Goals,Dylan Larkin,1.5,9.5,NA,Sportsbet
Minnesota Wild v Detroit Red Wings,Minnesota Wild,Detroit Red Wings,Player Goals,Alex DeBrincat,1.5,12,NA,Sportsbet
Minnesota Wild v Detroit Red Wings,Minnesota Wild,Detroit Red Wings,Player Goals,Lucas Raymond,1.5,12,NA,Sportsbet
Minnesota Wild v Detroit Red Wings,Minnesota Wild,Detroit Red Wings,Player Goals,Patrick Kane,1.5,15,NA,Sportsbet
Minnesota Wild v Detroit Red Wings,Minnesota Wild,Detroit Red Wings,Player Goals,Vladimir Tarasenko,1.5,21,NA,Sportsbet
Minnesota Wild v Detroit Red Wings,Minnesota Wild,Detroit Red Wings,Player Goals,Marco Kasper,1.5,34,NA,Sportsbet
Minnesota Wild v Detroit Red Wings,Minnesota Wild,Detroit Red Wings,Player Goals,Elmer Soderblom,1.5,41,NA,Sportsbet
Minnesota Wild v Detroit Red Wings,Minnesota Wild,Detroit Red Wings,Player Goals,J.T. Compher,1.5,41,NA,Sportsbet
Minnesota Wild v Detroit Red Wings,Minnesota Wild,Detroit Red Wings,Player Goals,Matt Boldy,1.5,9.5,NA,Sportsbet
Minnesota Wild v Detroit Red Wings,Minnesota Wild,Detroit Red Wings,Player Goals,Joel Eriksson Ek,1.5,12,NA,Sportsbet
Minnesota Wild v Detroit Red Wings,Minnesota Wild,Detroit Red Wings,Player Goals,Mats Zuccarello,1.5,12,NA,Sportsbet
Minnesota Wild v Detroit Red Wings,Minnesota Wild,Detroit Red Wings,Player Goals,Marco Rossi,1.5,13,NA,Sportsbet
Minnesota Wild v Detroit Red Wings,Minnesota Wild,Detroit Red Wings,Player Goals,Marcus Johansson,1.5,21,NA,Sportsbet
Minnesota Wild v Detroit Red Wings,Minnesota Wild,Detroit Red Wings,Player Goals,Frederick Gaudreau,1.5,34,NA,Sportsbet
Minnesota Wild v Detroit Red Wings,Minnesota Wild,Detroit Red Wings,Player Goals,Liam Ohgren,1.5,41,NA,Sportsbet
Minnesota Wild v Detroit Red Wings,Minnesota Wild,Detroit Red Wings,Player Goals,Marcus Foligno,1.5,41,NA,Sportsbet
Minnesota Wild v Detroit Red Wings,Minnesota Wild,Detroit Red Wings,Player Goals,Yakov Trenin,1.5,41,NA,Sportsbet
St. Louis Blues v Seattle Kraken,St. Louis Blues,Seattle Kraken,Player Goals,Jaden Schwartz,0.5,3.75,NA,Sportsbet
St. Louis Blues v Seattle Kraken,St. Louis Blues,Seattle Kraken,Player Goals,Jared McCann,0.5,4.25,NA,Sportsbet
St. Louis Blues v Seattle Kraken,St. Louis Blues,Seattle Kraken,Player Goals,Jordan Eberle,0.5,4.75,NA,Sportsbet
St. Louis Blues v Seattle Kraken,St. Louis Blues,Seattle Kraken,Player Goals,Kaapo Kakko,0.5,4.4,NA,Sportsbet
St. Louis Blues v Seattle Kraken,St. Louis Blues,Seattle Kraken,Player Goals,Matty Beniers,0.5,4.1,NA,Sportsbet
St. Louis Blues v Seattle Kraken,St. Louis Blues,Seattle Kraken,Player Goals,Oliver Bjorkstrand,0.5,4.8,NA,Sportsbet
St. Louis Blues v Seattle Kraken,St. Louis Blues,Seattle Kraken,Player Goals,Chandler Stephenson,0.5,5.3,NA,Sportsbet
St. Louis Blues v Seattle Kraken,St. Louis Blues,Seattle Kraken,Player Goals,Eeli Tolvanen,0.5,5.25,NA,Sportsbet
St. Louis Blues v Seattle Kraken,St. Louis Blues,Seattle Kraken,Player Goals,Shane Wright,0.5,5.7,NA,Sportsbet
St. Louis Blues v Seattle Kraken,St. Louis Blues,Seattle Kraken,Player Goals,Andre Burakovsky,0.5,6.25,NA,Sportsbet
St. Louis Blues v Seattle Kraken,St. Louis Blues,Seattle Kraken,Player Goals,Brandon Montour,0.5,7.75,NA,Sportsbet
St. Louis Blues v Seattle Kraken,St. Louis Blues,Seattle Kraken,Player Goals,Brandon Tanev,0.5,7.75,NA,Sportsbet
St. Louis Blues v Seattle Kraken,St. Louis Blues,Seattle Kraken,Player Goals,Vince Dunn,0.5,7.25,NA,Sportsbet
St. Louis Blues v Seattle Kraken,St. Louis Blues,Seattle Kraken,Player Goals,Mitchell Stephens,0.5,11.5,NA,Sportsbet
St. Louis Blues v Seattle Kraken,St. Louis Blues,Seattle Kraken,Player Goals,Adam Larsson,0.5,12,NA,Sportsbet
St. Louis Blues v Seattle Kraken,St. Louis Blues,Seattle Kraken,Player Goals,Ryker Evans,0.5,12.5,NA,Sportsbet
St. Louis Blues v Seattle Kraken,St. Louis Blues,Seattle Kraken,Player Goals,Jamie Oleksiak,0.5,13,NA,Sportsbet
St. Louis Blues v Seattle Kraken,St. Louis Blues,Seattle Kraken,Player Goals,Josh Mahura,0.5,19,NA,Sportsbet
St. Louis Blues v Seattle Kraken,St. Louis Blues,Seattle Kraken,Player Goals,Jordan Kyrou,0.5,2.75,NA,Sportsbet
St. Louis Blues v Seattle Kraken,St. Louis Blues,Seattle Kraken,Player Goals,Dylan Holloway,0.5,3.75,NA,Sportsbet
St. Louis Blues v Seattle Kraken,St. Louis Blues,Seattle Kraken,Player Goals,Pavel Buchnevich,0.5,3.5,NA,Sportsbet
St. Louis Blues v Seattle Kraken,St. Louis Blues,Seattle Kraken,Player Goals,Robert Thomas,0.5,3.3,NA,Sportsbet
St. Louis Blues v Seattle Kraken,St. Louis Blues,Seattle Kraken,Player Goals,Brayden Schenn,0.5,4.3,NA,Sportsbet
St. Louis Blues v Seattle Kraken,St. Louis Blues,Seattle Kraken,Player Goals,Jake Neighbours,0.5,4.1,NA,Sportsbet
St. Louis Blues v Seattle Kraken,St. Louis Blues,Seattle Kraken,Player Goals,Oskar Sundqvist,0.5,4.8,NA,Sportsbet
St. Louis Blues v Seattle Kraken,St. Louis Blues,Seattle Kraken,Player Goals,Zachary Bolduc,0.5,4.9,NA,Sportsbet
St. Louis Blues v Seattle Kraken,St. Louis Blues,Seattle Kraken,Player Goals,Alexey Toropchenko,0.5,7.75,NA,Sportsbet
St. Louis Blues v Seattle Kraken,St. Louis Blues,Seattle Kraken,Player Goals,Colton Parayko,0.5,7,NA,Sportsbet
St. Louis Blues v Seattle Kraken,St. Louis Blues,Seattle Kraken,Player Goals,Mathieu Joseph,0.5,7.25,NA,Sportsbet
St. Louis Blues v Seattle Kraken,St. Louis Blues,Seattle Kraken,Player Goals,Nathan Walker,0.5,7.75,NA,Sportsbet
St. Louis Blues v Seattle Kraken,St. Louis Blues,Seattle Kraken,Player Goals,Radek Faksa,0.5,7.75,NA,Sportsbet
St. Louis Blues v Seattle Kraken,St. Louis Blues,Seattle Kraken,Player Goals,Cam Fowler,0.5,8.5,NA,Sportsbet
St. Louis Blues v Seattle Kraken,St. Louis Blues,Seattle Kraken,Player Goals,Justin Faulk,0.5,8.25,NA,Sportsbet
St. Louis Blues v Seattle Kraken,St. Louis Blues,Seattle Kraken,Player Goals,Philip Broberg,0.5,13,NA,Sportsbet
St. Louis Blues v Seattle Kraken,St. Louis Blues,Seattle Kraken,Player Goals,Ryan Suter,0.5,13,NA,Sportsbet
St. Louis Blues v Seattle Kraken,St. Louis Blues,Seattle Kraken,Player Goals,Nick Leddy,0.5,14,NA,Sportsbet
St. Louis Blues v Seattle Kraken,St. Louis Blues,Seattle Kraken,Player Goals,Jaden Schwartz,1.5,13,NA,Sportsbet
St. Louis Blues v Seattle Kraken,St. Louis Blues,Seattle Kraken,Player Goals,Jared McCann,1.5,15,NA,Sportsbet
St. Louis Blues v Seattle Kraken,St. Louis Blues,Seattle Kraken,Player Goals,Matty Beniers,1.5,15,NA,Sportsbet
St. Louis Blues v Seattle Kraken,St. Louis Blues,Seattle Kraken,Player Goals,Kaapo Kakko,1.5,21,NA,Sportsbet
St. Louis Blues v Seattle Kraken,St. Louis Blues,Seattle Kraken,Player Goals,Oliver Bjorkstrand,1.5,21,NA,Sportsbet
St. Louis Blues v Seattle Kraken,St. Louis Blues,Seattle Kraken,Player Goals,Eeli Tolvanen,1.5,34,NA,Sportsbet
St. Louis Blues v Seattle Kraken,St. Louis Blues,Seattle Kraken,Player Goals,Jordan Eberle,1.5,34,NA,Sportsbet
St. Louis Blues v Seattle Kraken,St. Louis Blues,Seattle Kraken,Player Goals,Chandler Stephenson,1.5,41,NA,Sportsbet
St. Louis Blues v Seattle Kraken,St. Louis Blues,Seattle Kraken,Player Goals,Shane Wright,1.5,41,NA,Sportsbet
St. Louis Blues v Seattle Kraken,St. Louis Blues,Seattle Kraken,Player Goals,Jordan Kyrou,1.5,10,NA,Sportsbet
St. Louis Blues v Seattle Kraken,St. Louis Blues,Seattle Kraken,Player Goals,Robert Thomas,1.5,12,NA,Sportsbet
St. Louis Blues v Seattle Kraken,St. Louis Blues,Seattle Kraken,Player Goals,Dylan Holloway,1.5,13,NA,Sportsbet
St. Louis Blues v Seattle Kraken,St. Louis Blues,Seattle Kraken,Player Goals,Pavel Buchnevich,1.5,13,NA,Sportsbet
St. Louis Blues v Seattle Kraken,St. Louis Blues,Seattle Kraken,Player Goals,Jake Neighbours,1.5,15,NA,Sportsbet
St. Louis Blues v Seattle Kraken,St. Louis Blues,Seattle Kraken,Player Goals,Brayden Schenn,1.5,17,NA,Sportsbet
St. Louis Blues v Seattle Kraken,St. Louis Blues,Seattle Kraken,Player Goals,Oskar Sundqvist,1.5,34,NA,Sportsbet
St. Louis Blues v Seattle Kraken,St. Louis Blues,Seattle Kraken,Player Goals,Zachary Bolduc,1.5,34,NA,Sportsbet
Utah Hockey Club v Chicago Blackhawks,Utah Hockey Club,Chicago Blackhawks,Player Goals,Connor Bedard,0.5,3.5,NA,Sportsbet
Utah Hockey Club v Chicago Blackhawks,Utah Hockey Club,Chicago Blackhawks,Player Goals,Ryan Donato,0.5,4,NA,Sportsbet
Utah Hockey Club v Chicago Blackhawks,Utah Hockey Club,Chicago Blackhawks,Player Goals,Tyler Bertuzzi,0.5,4.2,NA,Sportsbet
Utah Hockey Club v Chicago Blackhawks,Utah Hockey Club,Chicago Blackhawks,Player Goals,Frank Nazar,0.5,5.25,NA,Sportsbet
Utah Hockey Club v Chicago Blackhawks,Utah Hockey Club,Chicago Blackhawks,Player Goals,Teuvo Teravainen,0.5,5.1,NA,Sportsbet
Utah Hockey Club v Chicago Blackhawks,Utah Hockey Club,Chicago Blackhawks,Player Goals,Ilya Mikheyev,0.5,6.5,NA,Sportsbet
Utah Hockey Club v Chicago Blackhawks,Utah Hockey Club,Chicago Blackhawks,Player Goals,Landon Slaggert,0.5,6.25,NA,Sportsbet
Utah Hockey Club v Chicago Blackhawks,Utah Hockey Club,Chicago Blackhawks,Player Goals,Nick Foligno,0.5,6.5,NA,Sportsbet
Utah Hockey Club v Chicago Blackhawks,Utah Hockey Club,Chicago Blackhawks,Player Goals,Philipp Kurashev,0.5,6.5,NA,Sportsbet
Utah Hockey Club v Chicago Blackhawks,Utah Hockey Club,Chicago Blackhawks,Player Goals,Craig Smith,0.5,7,NA,Sportsbet
Utah Hockey Club v Chicago Blackhawks,Utah Hockey Club,Chicago Blackhawks,Player Goals,Lukas Reichel,0.5,7.5,NA,Sportsbet
Utah Hockey Club v Chicago Blackhawks,Utah Hockey Club,Chicago Blackhawks,Player Goals,Pat Maroon,0.5,7.75,NA,Sportsbet
Utah Hockey Club v Chicago Blackhawks,Utah Hockey Club,Chicago Blackhawks,Player Goals,Seth Jones,0.5,8.25,NA,Sportsbet
Utah Hockey Club v Chicago Blackhawks,Utah Hockey Club,Chicago Blackhawks,Player Goals,Alec Martinez,0.5,10.5,NA,Sportsbet
Utah Hockey Club v Chicago Blackhawks,Utah Hockey Club,Chicago Blackhawks,Player Goals,Alex Vlasic,0.5,10.5,NA,Sportsbet
Utah Hockey Club v Chicago Blackhawks,Utah Hockey Club,Chicago Blackhawks,Player Goals,Connor Murphy (CHI),0.5,14,NA,Sportsbet
Utah Hockey Club v Chicago Blackhawks,Utah Hockey Club,Chicago Blackhawks,Player Goals,Nolan Allan,0.5,17,NA,Sportsbet
Utah Hockey Club v Chicago Blackhawks,Utah Hockey Club,Chicago Blackhawks,Player Goals,TJ Brodie,0.5,18,NA,Sportsbet
Utah Hockey Club v Chicago Blackhawks,Utah Hockey Club,Chicago Blackhawks,Player Goals,Clayton Keller,0.5,2.45,NA,Sportsbet
Utah Hockey Club v Chicago Blackhawks,Utah Hockey Club,Chicago Blackhawks,Player Goals,Dylan Guenther,0.5,2.6,NA,Sportsbet
Utah Hockey Club v Chicago Blackhawks,Utah Hockey Club,Chicago Blackhawks,Player Goals,Logan Cooley,0.5,2.65,NA,Sportsbet
Utah Hockey Club v Chicago Blackhawks,Utah Hockey Club,Chicago Blackhawks,Player Goals,Barrett Hayton,0.5,3.6,NA,Sportsbet
Utah Hockey Club v Chicago Blackhawks,Utah Hockey Club,Chicago Blackhawks,Player Goals,Nick Schmaltz,0.5,3.35,NA,Sportsbet
Utah Hockey Club v Chicago Blackhawks,Utah Hockey Club,Chicago Blackhawks,Player Goals,Josh Doan,0.5,4.7,NA,Sportsbet
Utah Hockey Club v Chicago Blackhawks,Utah Hockey Club,Chicago Blackhawks,Player Goals,Lawson Crouse,0.5,4.4,NA,Sportsbet
Utah Hockey Club v Chicago Blackhawks,Utah Hockey Club,Chicago Blackhawks,Player Goals,Jack McBain,0.5,5.8,NA,Sportsbet
Utah Hockey Club v Chicago Blackhawks,Utah Hockey Club,Chicago Blackhawks,Player Goals,Michael Carcone,0.5,5.2,NA,Sportsbet
Utah Hockey Club v Chicago Blackhawks,Utah Hockey Club,Chicago Blackhawks,Player Goals,Nick Bjugstad,0.5,5.6,NA,Sportsbet
Utah Hockey Club v Chicago Blackhawks,Utah Hockey Club,Chicago Blackhawks,Player Goals,Alexander Kerfoot,0.5,6.25,NA,Sportsbet
Utah Hockey Club v Chicago Blackhawks,Utah Hockey Club,Chicago Blackhawks,Player Goals,Kevin Stenlund,0.5,6.5,NA,Sportsbet
Utah Hockey Club v Chicago Blackhawks,Utah Hockey Club,Chicago Blackhawks,Player Goals,Mikhail Sergachev,0.5,6.5,NA,Sportsbet
Utah Hockey Club v Chicago Blackhawks,Utah Hockey Club,Chicago Blackhawks,Player Goals,Sean Durzi,0.5,9,NA,Sportsbet
Utah Hockey Club v Chicago Blackhawks,Utah Hockey Club,Chicago Blackhawks,Player Goals,Michael Kesselring,0.5,10,NA,Sportsbet
Utah Hockey Club v Chicago Blackhawks,Utah Hockey Club,Chicago Blackhawks,Player Goals,John Marino,0.5,12,NA,Sportsbet
Utah Hockey Club v Chicago Blackhawks,Utah Hockey Club,Chicago Blackhawks,Player Goals,Ian Cole,0.5,13,NA,Sportsbet
Utah Hockey Club v Chicago Blackhawks,Utah Hockey Club,Chicago Blackhawks,Player Goals,Olli Maatta,0.5,13,NA,Sportsbet
Utah Hockey Club v Chicago Blackhawks,Utah Hockey Club,Chicago Blackhawks,Player Goals,Connor Bedard,1.5,12,NA,Sportsbet
Utah Hockey Club v Chicago Blackhawks,Utah Hockey Club,Chicago Blackhawks,Player Goals,Ryan Donato,1.5,14,NA,Sportsbet
Utah Hockey Club v Chicago Blackhawks,Utah Hockey Club,Chicago Blackhawks,Player Goals,Tyler Bertuzzi,1.5,17,NA,Sportsbet
Utah Hockey Club v Chicago Blackhawks,Utah Hockey Club,Chicago Blackhawks,Player Goals,Frank Nazar,1.5,34,NA,Sportsbet
Utah Hockey Club v Chicago Blackhawks,Utah Hockey Club,Chicago Blackhawks,Player Goals,Teuvo Teravainen,1.5,34,NA,Sportsbet
Utah Hockey Club v Chicago Blackhawks,Utah Hockey Club,Chicago Blackhawks,Player Goals,Clayton Keller,1.5,8.5,NA,Sportsbet
Utah Hockey Club v Chicago Blackhawks,Utah Hockey Club,Chicago Blackhawks,Player Goals,Dylan Guenther,1.5,9.5,NA,Sportsbet
Utah Hockey Club v Chicago Blackhawks,Utah Hockey Club,Chicago Blackhawks,Player Goals,Logan Cooley,1.5,9.5,NA,Sportsbet
Utah Hockey Club v Chicago Blackhawks,Utah Hockey Club,Chicago Blackhawks,Player Goals,Nick Schmaltz,1.5,12,NA,Sportsbet
Utah Hockey Club v Chicago Blackhawks,Utah Hockey Club,Chicago Blackhawks,Player Goals,Barrett Hayton,1.5,13,NA,Sportsbet
Utah Hockey Club v Chicago Blackhawks,Utah Hockey Club,Chicago Blackhawks,Player Goals,Josh Doan,1.5,21,NA,Sportsbet
Utah Hockey Club v Chicago Blackhawks,Utah Hockey Club,Chicago Blackhawks,Player Goals,Lawson Crouse,1.5,34,NA,Sportsbet
Utah Hockey Club v Chicago Blackhawks,Utah Hockey Club,Chicago Blackhawks,Player Goals,Michael Carcone,1.5,41,NA,Sportsbet
Utah Hockey Club v Chicago Blackhawks,Utah Hockey Club,Chicago Blackhawks,Player Goals,Nick Bjugstad,1.5,41,NA,Sportsbet
Boston Bruins v Toronto Maple Leafs,Boston Bruins,Toronto Maple Leafs,Player Goals,Morgan Geekie,0.5,4.25,1.2,Sportsbet
Boston Bruins v Toronto Maple Leafs,Boston Bruins,Toronto Maple Leafs,Player Goals,John Tavares,0.5,3.16,1.34,Sportsbet
Boston Bruins v Toronto Maple Leafs,Boston Bruins,Toronto Maple Leafs,Player Goals,Matthew Knies,0.5,3.7,1.25,Sportsbet
Boston Bruins v Toronto Maple Leafs,Boston Bruins,Toronto Maple Leafs,Player Goals,Auston Matthews,0.5,2.26,1.66,Sportsbet
Boston Bruins v Toronto Maple Leafs,Boston Bruins,Toronto Maple Leafs,Player Goals,Pavel Zacha,0.5,4.65,1.17,Sportsbet
Boston Bruins v Toronto Maple Leafs,Boston Bruins,Toronto Maple Leafs,Player Goals,William Nylander,0.5,2.63,1.47,Sportsbet
Boston Bruins v Toronto Maple Leafs,Boston Bruins,Toronto Maple Leafs,Player Goals,Brad Marchand,0.5,3.32,1.31,Sportsbet
Boston Bruins v Toronto Maple Leafs,Boston Bruins,Toronto Maple Leafs,Player Goals,Mitchell Marner,0.5,3.31,1.33,Sportsbet
Boston Bruins v Toronto Maple Leafs,Boston Bruins,Toronto Maple Leafs,Player Goals,Elias Lindholm,0.5,4.25,1.2,Sportsbet
Boston Bruins v Toronto Maple Leafs,Boston Bruins,Toronto Maple Leafs,Player Goals,David Pastrnak,0.5,2.33,1.62,Sportsbet
Philadelphia Flyers v Pittsburgh Penguins,Philadelphia Flyers,Pittsburgh Penguins,Player Goals,Evgeni Malkin,0.5,4.6,1.17,Sportsbet
Philadelphia Flyers v Pittsburgh Penguins,Philadelphia Flyers,Pittsburgh Penguins,Player Goals,Bryan Rust,0.5,3.69,1.3,Sportsbet
Philadelphia Flyers v Pittsburgh Penguins,Philadelphia Flyers,Pittsburgh Penguins,Player Goals,Rickard Rakell,0.5,3.32,1.31,Sportsbet
Philadelphia Flyers v Pittsburgh Penguins,Philadelphia Flyers,Pittsburgh Penguins,Player Goals,Tyson Foerster,0.5,4,1.22,Sportsbet
Philadelphia Flyers v Pittsburgh Penguins,Philadelphia Flyers,Pittsburgh Penguins,Player Goals,Sidney Crosby,0.5,2.74,1.44,Sportsbet
Philadelphia Flyers v Pittsburgh Penguins,Philadelphia Flyers,Pittsburgh Penguins,Player Goals,Matvei Michkov,0.5,3.96,1.22,Sportsbet
Philadelphia Flyers v Pittsburgh Penguins,Philadelphia Flyers,Pittsburgh Penguins,Player Goals,Andrei Kuzmenko,0.5,3.75,1.25,Sportsbet
Philadelphia Flyers v Pittsburgh Penguins,Philadelphia Flyers,Pittsburgh Penguins,Player Goals,Michael Bunting,0.5,4.65,1.17,Sportsbet
Philadelphia Flyers v Pittsburgh Penguins,Philadelphia Flyers,Pittsburgh Penguins,Player Goals,Owen Tippett,0.5,3.25,1.33,Sportsbet
Philadelphia Flyers v Pittsburgh Penguins,Philadelphia Flyers,Pittsburgh Penguins,Player Goals,Travis Konecny,0.5,2.59,1.49,Sportsbet
Montreal Canadiens v Carolina Hurricanes,Montreal Canadiens,Carolina Hurricanes,Player Goals,Sebastian Aho (CAR),0.5,2.65,1.44,Sportsbet
Montreal Canadiens v Carolina Hurricanes,Montreal Canadiens,Carolina Hurricanes,Player Goals,Nick Suzuki,0.5,3.78,1.25,Sportsbet
Montreal Canadiens v Carolina Hurricanes,Montreal Canadiens,Carolina Hurricanes,Player Goals,Juraj Slafkovsky,0.5,5.2,1.14,Sportsbet
Montreal Canadiens v Carolina Hurricanes,Montreal Canadiens,Carolina Hurricanes,Player Goals,Andrei Svechnikov,0.5,3.45,1.3,Sportsbet
Montreal Canadiens v Carolina Hurricanes,Montreal Canadiens,Carolina Hurricanes,Player Goals,Brendan Gallagher,0.5,4.65,1.17,Sportsbet
Montreal Canadiens v Carolina Hurricanes,Montreal Canadiens,Carolina Hurricanes,Player Goals,Mikko Rantanen,0.5,2.42,1.55,Sportsbet
Montreal Canadiens v Carolina Hurricanes,Montreal Canadiens,Carolina Hurricanes,Player Goals,Cole Caufield,0.5,3.13,1.35,Sportsbet
Montreal Canadiens v Carolina Hurricanes,Montreal Canadiens,Carolina Hurricanes,Player Goals,Patrik Laine,0.5,4,1.22,Sportsbet
Montreal Canadiens v Carolina Hurricanes,Montreal Canadiens,Carolina Hurricanes,Player Goals,Seth Jarvis,0.5,2.84,1.42,Sportsbet
Montreal Canadiens v Carolina Hurricanes,Montreal Canadiens,Carolina Hurricanes,Player Goals,Jackson Blake,0.5,3.7,1.25,Sportsbet
Washington Capitals v Calgary Flames,Washington Capitals,Calgary Flames,Player Goals,Nazem Kadri,0.5,3.45,1.3,Sportsbet
Washington Capitals v Calgary Flames,Washington Capitals,Calgary Flames,Player Goals,Alex Ovechkin,0.5,2.04,1.8,Sportsbet
Washington Capitals v Calgary Flames,Washington Capitals,Calgary Flames,Player Goals,Matt Coronato,0.5,4.25,1.2,Sportsbet
Washington Capitals v Calgary Flames,Washington Capitals,Calgary Flames,Player Goals,Tom Wilson,0.5,3.45,1.3,Sportsbet
Washington Capitals v Calgary Flames,Washington Capitals,Calgary Flames,Player Goals,Dylan Strome,0.5,3.45,1.28,Sportsbet
Washington Capitals v Calgary Flames,Washington Capitals,Calgary Flames,Player Goals,Yegor Sharangovich,0.5,4.8,1.17,Sportsbet
Washington Capitals v Calgary Flames,Washington Capitals,Calgary Flames,Player Goals,Connor McMichael,0.5,3.78,1.25,Sportsbet
Washington Capitals v Calgary Flames,Washington Capitals,Calgary Flames,Player Goals,Jonathan Huberdeau,0.5,3.7,1.25,Sportsbet
Washington Capitals v Calgary Flames,Washington Capitals,Calgary Flames,Player Goals,Pierre-Luc Dubois,0.5,4,1.22,Sportsbet
Washington Capitals v Calgary Flames,Washington Capitals,Calgary Flames,Player Goals,Aliaksei Protas,0.5,3.7,1.25,Sportsbet
Washington Capitals v Calgary Flames,Washington Capitals,Calgary Flames,Player Goals,Blake Coleman,0.5,4.6,1.17,Sportsbet
Columbus Blue Jackets v Dallas Stars,Columbus Blue Jackets,Dallas Stars,Player Goals,Zach Werenski,0.5,4.65,1.17,Sportsbet
Columbus Blue Jackets v Dallas Stars,Columbus Blue Jackets,Dallas Stars,Player Goals,Dmitri Voronkov,0.5,3.7,1.25,Sportsbet
Columbus Blue Jackets v Dallas Stars,Columbus Blue Jackets,Dallas Stars,Player Goals,Boone Jenner,0.5,3.96,1.22,Sportsbet
Columbus Blue Jackets v Dallas Stars,Columbus Blue Jackets,Dallas Stars,Player Goals,Wyatt Johnston,0.5,2.72,1.45,Sportsbet
Columbus Blue Jackets v Dallas Stars,Columbus Blue Jackets,Dallas Stars,Player Goals,Jason Robertson,0.5,2.76,1.44,Sportsbet
Columbus Blue Jackets v Dallas Stars,Columbus Blue Jackets,Dallas Stars,Player Goals,Kirill Marchenko,0.5,3.45,1.28,Sportsbet
Columbus Blue Jackets v Dallas Stars,Columbus Blue Jackets,Dallas Stars,Player Goals,Kent Johnson,0.5,3.96,1.22,Sportsbet
Columbus Blue Jackets v Dallas Stars,Columbus Blue Jackets,Dallas Stars,Player Goals,Matt Duchene,0.5,3.06,1.37,Sportsbet
Columbus Blue Jackets v Dallas Stars,Columbus Blue Jackets,Dallas Stars,Player Goals,Mikael Granlund,0.5,4.25,1.2,Sportsbet
Columbus Blue Jackets v Dallas Stars,Columbus Blue Jackets,Dallas Stars,Player Goals,Roope Hintz,0.5,3.22,1.33,Sportsbet
Columbus Blue Jackets v Dallas Stars,Columbus Blue Jackets,Dallas Stars,Player Goals,Adam Fantilli,0.5,3.7,1.25,Sportsbet
Buffalo Sabres v Anaheim Ducks,Buffalo Sabres,Anaheim Ducks,Player Goals,Leo Carlsson,0.5,4.65,1.17,Sportsbet
Buffalo Sabres v Anaheim Ducks,Buffalo Sabres,Anaheim Ducks,Player Goals,Frank Vatrano,0.5,3.32,1.31,Sportsbet
Buffalo Sabres v Anaheim Ducks,Buffalo Sabres,Anaheim Ducks,Player Goals,Alex Killorn,0.5,4.25,1.2,Sportsbet
Buffalo Sabres v Anaheim Ducks,Buffalo Sabres,Anaheim Ducks,Player Goals,Jiri Kulich,0.5,4,1.22,Sportsbet
Buffalo Sabres v Anaheim Ducks,Buffalo Sabres,Anaheim Ducks,Player Goals,Mason McTavish,0.5,4,1.22,Sportsbet
Buffalo Sabres v Anaheim Ducks,Buffalo Sabres,Anaheim Ducks,Player Goals,JJ Peterka,0.5,3.27,1.33,Sportsbet
Buffalo Sabres v Anaheim Ducks,Buffalo Sabres,Anaheim Ducks,Player Goals,Alex Tuch,0.5,3.11,1.35,Sportsbet
Buffalo Sabres v Anaheim Ducks,Buffalo Sabres,Anaheim Ducks,Player Goals,Ryan Strome,0.5,4.65,1.17,Sportsbet
Buffalo Sabres v Anaheim Ducks,Buffalo Sabres,Anaheim Ducks,Player Goals,Jason Zucker,0.5,3.4,1.3,Sportsbet
Buffalo Sabres v Anaheim Ducks,Buffalo Sabres,Anaheim Ducks,Player Goals,Troy Terry,0.5,3.32,1.31,Sportsbet
Buffalo Sabres v Anaheim Ducks,Buffalo Sabres,Anaheim Ducks,Player Goals,Tage Thompson,0.5,2.45,1.54,Sportsbet
New York Islanders v New York Rangers,New York Islanders,New York Rangers,Player Goals,Brock Nelson,0.5,3.32,1.31,Sportsbet
New York Islanders v New York Rangers,New York Islanders,New York Rangers,Player Goals,Mika Zibanejad,0.5,3.45,1.28,Sportsbet
New York Islanders v New York Rangers,New York Islanders,New York Rangers,Player Goals,Alexis Lafreniere,0.5,4.25,1.2,Sportsbet
New York Islanders v New York Rangers,New York Islanders,New York Rangers,Player Goals,Bo Horvat,0.5,2.9,1.4,Sportsbet
New York Islanders v New York Rangers,New York Islanders,New York Rangers,Player Goals,Anthony Duclair,0.5,4.65,1.17,Sportsbet
New York Islanders v New York Rangers,New York Islanders,New York Rangers,Player Goals,Kyle Palmieri,0.5,3.7,1.25,Sportsbet
New York Islanders v New York Rangers,New York Islanders,New York Rangers,Player Goals,Artemi Panarin,0.5,2.78,1.43,Sportsbet
New York Islanders v New York Rangers,New York Islanders,New York Rangers,Player Goals,J.T. Miller,0.5,3.45,1.3,Sportsbet
New York Islanders v New York Rangers,New York Islanders,New York Rangers,Player Goals,Vincent Trocheck,0.5,3.7,1.25,Sportsbet
New York Islanders v New York Rangers,New York Islanders,New York Rangers,Player Goals,Anders Lee,0.5,2.91,1.4,Sportsbet
Tampa Bay Lightning v Edmonton Oilers,Tampa Bay Lightning,Edmonton Oilers,Player Goals,Nikita Kucherov,0.5,2.61,1.48,Sportsbet
Tampa Bay Lightning v Edmonton Oilers,Tampa Bay Lightning,Edmonton Oilers,Player Goals,Ryan Nugent-Hopkins,0.5,4.2,1.2,Sportsbet
Tampa Bay Lightning v Edmonton Oilers,Tampa Bay Lightning,Edmonton Oilers,Player Goals,Brandon Hagel,0.5,3.27,1.33,Sportsbet
Tampa Bay Lightning v Edmonton Oilers,Tampa Bay Lightning,Edmonton Oilers,Player Goals,Connor McDavid,0.5,2.63,1.47,Sportsbet
Tampa Bay Lightning v Edmonton Oilers,Tampa Bay Lightning,Edmonton Oilers,Player Goals,Leon Draisaitl,0.5,2.41,1.55,Sportsbet
Tampa Bay Lightning v Edmonton Oilers,Tampa Bay Lightning,Edmonton Oilers,Player Goals,Brayden Point,0.5,2.61,1.48,Sportsbet
Tampa Bay Lightning v Edmonton Oilers,Tampa Bay Lightning,Edmonton Oilers,Player Goals,Anthony Cirelli,0.5,4.25,1.2,Sportsbet
Tampa Bay Lightning v Edmonton Oilers,Tampa Bay Lightning,Edmonton Oilers,Player Goals,Zach Hyman,0.5,2.84,1.41,Sportsbet
Tampa Bay Lightning v Edmonton Oilers,Tampa Bay Lightning,Edmonton Oilers,Player Goals,Jake Guentzel,0.5,2.63,1.47,Sportsbet
Nashville Predators v Florida Panthers,Nashville Predators,Florida Panthers,Player Goals,Gustav Nyquist,0.5,5,1.15,Sportsbet
Nashville Predators v Florida Panthers,Nashville Predators,Florida Panthers,Player Goals,Sam Bennett,0.5,3.32,1.3,Sportsbet
Nashville Predators v Florida Panthers,Nashville Predators,Florida Panthers,Player Goals,Jonathan Marchessault,0.5,3.35,1.3,Sportsbet
Nashville Predators v Florida Panthers,Nashville Predators,Florida Panthers,Player Goals,Aleksander Barkov,0.5,2.7,1.45,Sportsbet
Nashville Predators v Florida Panthers,Nashville Predators,Florida Panthers,Player Goals,Evan Rodrigues,0.5,4.3,1.2,Sportsbet
Nashville Predators v Florida Panthers,Nashville Predators,Florida Panthers,Player Goals,Filip Forsberg,0.5,2.91,1.4,Sportsbet
Nashville Predators v Florida Panthers,Nashville Predators,Florida Panthers,Player Goals,Carter Verhaeghe,0.5,2.94,1.39,Sportsbet
Nashville Predators v Florida Panthers,Nashville Predators,Florida Panthers,Player Goals,Sam Reinhart,0.5,2.35,1.58,Sportsbet
Nashville Predators v Florida Panthers,Nashville Predators,Florida Panthers,Player Goals,Steven Stamkos,0.5,3.32,1.31,Sportsbet
Nashville Predators v Florida Panthers,Nashville Predators,Florida Panthers,Player Goals,Ryan O'Reilly,0.5,4,1.22,Sportsbet
Minnesota Wild v Detroit Red Wings,Minnesota Wild,Detroit Red Wings,Player Goals,Dylan Larkin,0.5,2.84,1.41,Sportsbet
Minnesota Wild v Detroit Red Wings,Minnesota Wild,Detroit Red Wings,Player Goals,Patrick Kane,0.5,4.25,1.2,Sportsbet
Minnesota Wild v Detroit Red Wings,Minnesota Wild,Detroit Red Wings,Player Goals,Matt Boldy,0.5,2.56,1.5,Sportsbet
Minnesota Wild v Detroit Red Wings,Minnesota Wild,Detroit Red Wings,Player Goals,Marco Rossi,0.5,3.45,1.28,Sportsbet
Minnesota Wild v Detroit Red Wings,Minnesota Wild,Detroit Red Wings,Player Goals,Alex DeBrincat,0.5,3.26,1.33,Sportsbet
Minnesota Wild v Detroit Red Wings,Minnesota Wild,Detroit Red Wings,Player Goals,Marco Kasper,0.5,4.65,1.17,Sportsbet
Minnesota Wild v Detroit Red Wings,Minnesota Wild,Detroit Red Wings,Player Goals,Joel Eriksson Ek,0.5,3.32,1.33,Sportsbet
Minnesota Wild v Detroit Red Wings,Minnesota Wild,Detroit Red Wings,Player Goals,Lucas Raymond,0.5,3.35,1.3,Sportsbet
Minnesota Wild v Detroit Red Wings,Minnesota Wild,Detroit Red Wings,Player Goals,Mats Zuccarello,0.5,3.32,1.31,Sportsbet
St. Louis Blues v Seattle Kraken,St. Louis Blues,Seattle Kraken,Player Goals,Kaapo Kakko,0.5,4.6,1.17,Sportsbet
St. Louis Blues v Seattle Kraken,St. Louis Blues,Seattle Kraken,Player Goals,Pavel Buchnevich,0.5,3.7,1.25,Sportsbet
St. Louis Blues v Seattle Kraken,St. Louis Blues,Seattle Kraken,Player Goals,Jaden Schwartz,0.5,3.92,1.23,Sportsbet
St. Louis Blues v Seattle Kraken,St. Louis Blues,Seattle Kraken,Player Goals,Robert Thomas,0.5,3.35,1.3,Sportsbet
St. Louis Blues v Seattle Kraken,St. Louis Blues,Seattle Kraken,Player Goals,Oliver Bjorkstrand,0.5,4.65,1.16,Sportsbet
St. Louis Blues v Seattle Kraken,St. Louis Blues,Seattle Kraken,Player Goals,Matty Beniers,0.5,4.25,1.2,Sportsbet
St. Louis Blues v Seattle Kraken,St. Louis Blues,Seattle Kraken,Player Goals,Dylan Holloway,0.5,3.92,1.23,Sportsbet
St. Louis Blues v Seattle Kraken,St. Louis Blues,Seattle Kraken,Player Goals,Jake Neighbours,0.5,4.25,1.2,Sportsbet
St. Louis Blues v Seattle Kraken,St. Louis Blues,Seattle Kraken,Player Goals,Jordan Kyrou,0.5,2.86,1.39,Sportsbet
St. Louis Blues v Seattle Kraken,St. Louis Blues,Seattle Kraken,Player Goals,Jared McCann,0.5,4.25,1.2,Sportsbet
Utah Hockey Club v Chicago Blackhawks,Utah Hockey Club,Chicago Blackhawks,Player Goals,Dylan Guenther,0.5,2.69,1.43,Sportsbet
Utah Hockey Club v Chicago Blackhawks,Utah Hockey Club,Chicago Blackhawks,Player Goals,Connor Bedard,0.5,3.5,1.28,Sportsbet
Utah Hockey Club v Chicago Blackhawks,Utah Hockey Club,Chicago Blackhawks,Player Goals,Nick Schmaltz,0.5,3.45,1.3,Sportsbet
Utah Hockey Club v Chicago Blackhawks,Utah Hockey Club,Chicago Blackhawks,Player Goals,Frank Nazar,0.5,5.2,1.14,Sportsbet
Utah Hockey Club v Chicago Blackhawks,Utah Hockey Club,Chicago Blackhawks,Player Goals,Logan Cooley,0.5,2.74,1.44,Sportsbet
Utah Hockey Club v Chicago Blackhawks,Utah Hockey Club,Chicago Blackhawks,Player Goals,Barrett Hayton,0.5,3.7,1.25,Sportsbet
Utah Hockey Club v Chicago Blackhawks,Utah Hockey Club,Chicago Blackhawks,Player Goals,Tyler Bertuzzi,0.5,4.25,1.2,Sportsbet
Utah Hockey Club v Chicago Blackhawks,Utah Hockey Club,Chicago Blackhawks,Player Goals,Teuvo Teravainen,0.5,5.2,1.14,Sportsbet
Utah Hockey Club v Chicago Blackhawks,Utah Hockey Club,Chicago Blackhawks,Player Goals,Clayton Keller,0.5,2.54,1.5,Sportsbet
Utah Hockey Club v Chicago Blackhawks,Utah Hockey Club,Chicago Blackhawks,Player Goals,Ryan Donato,0.5,4,1.22,Sportsbet
